anchor_id,phase,turn_type,base_vx,base_vy,base_w,left_vx,left_vy,left_w,right_vx,right_vy,right_w,nonext_vx,nonext_vy,nonext_w
5,pre_switch,unknown,2.27274377112268,-0.786574126318879,-0.000851059201900948,2.35046821659314,-0.886885764398089,-0.000851241997123583,2.28871937750665,-0.660679990411756,-0.000850441785558685,24.266732544895,14.5478205093652,8.13709061141849
37,post_switch,unknown,0.1722497418491,-0.0172886868823674,-0.00183945808545757,0.134743175055959,0.110406238623045,-0.00184151263307545,0.108478236472687,-0.134104772166172,-0.00184248920469522,20.0834231511151,11.3071513799713,6.22313159423208
42,pre_switch,unknown,4.37648855669509,2.00529636529075,0.036243513689792,4.527993788521,1.66874335671529,0.0362442191084046,4.51108504296234,2.35808576623668,0.0362447592698422,12.1892260340202,13.7574238555598,8.59672280469766
145,post_switch,unknown,-1.31718761730363,-3.0029041311312,-0.184835761632157,1.19756401317829,-3.04015730710983,-0.184836017310411,-3.06905075011429,-1.19835691101772,-0.184836050566489,-15.6536567667357,2.99441802777424,4.10737393675076
319,post_switch,unknown,1.69089401549656,-0.398100428042599,0.0451607510381645,1.45555545783858,0.775327897258257,0.0162099992112488,0.909158922623959,-1.41286453045041,0.0153521724935696,17.8664084374457,14.3366219308938,6.28597019413046
386,pre_switch,unknown,1.04692099215409,-0.610236490892191,0.0666206995607513,1.40329584678586,1.64076628187319,0.10045575008865,-0.579482020826954,-2.07931122339011,-0.0781245068323878,-27.6138243800198,-17.1233184542363,-9.70809737279483
572,pre_switch,unknown,13.0060551121164,3.32361734856708,-0.321921754334388,13.1547200969453,3.21620403861284,-0.325228452178978,12.9820704965539,3.57207191990255,-0.325266927286203,22.1049583602155,13.2747835675882,6.2618529877943
626,post_switch,unknown,-0.206300440158483,0.112558897740484,-0.000742165552223661,-0.224830889863689,-0.0671341902602153,-0.000738663985310743,-0.0661358663593638,0.226515863920642,-0.000737675811115262,20.6236314945951,10.1110526067165,5.16871981292064
759,post_switch,unknown,0.214180096406535,0.0732718763713494,0.003701627361652,0.0999995334985848,0.203742410307313,0.00369526405918348,0.202659252859359,-0.0997206476046389,0.00369605943351142,2.46266564856328,6.65076236618494,3.56574080591499
778,post_switch,unknown,-0.271839283159813,0.124970229296502,0.00100264717469636,-0.280522026518907,-0.104261397776463,0.00100032205779198,-0.103610150976289,0.280918453873637,0.000999679541054689,8.53315551441093,3.82199098584259,1.62855668824996
822,pre_switch,unknown,-0.336701901262477,-1.44571988268881,0.371221661837458,-1.45070192603122,-1.07524707938445,0.0930626335201138,0.224085381905106,-2.5407171115627,0.223473611590132,26.2918839827264,13.4472972560299,0.33120775902877
880,pre_switch,unknown,-1.03275751337024,1.64430288626292,-0.000364379023135035,-2.1810017159882,0.27344949433074,-0.000366441193243346,0.748514469152674,1.80172097400435,-0.000367021593003409,6.28925539982674,4.26336697743178,1.23346084864953
897,pre_switch,unknown,-4.68510587509528,0.304547647424927,0.00695186043210529,-4.70008526494821,0.296110011460798,0.00695167048426347,-4.66854513501747,0.299914019106345,0.00695415600866056,-28.6475781621284,-15.8971465781306,-8.63434941119855
937,pre_switch,unknown,-1.76145961666607,0.272110858804653,0.0342301255180764,-0.563712873061176,-1.76918632116591,0.120320835610403,-0.630088291791602,1.88546570191404,0.0401464762125155,-3.71287968164282,17.4543986031319,9.92981402713564
1020,post_switch,unknown,-2.67633620589107,1.30923132491246,0.0333654973442717,-1.84568404310976,0.536151285587356,0.033368065488869,-0.953219239467445,2.81058258738837,0.0333674437725445,13.5762372687132,11.0960466521274,6.75086037954345
1127,pre_switch,unknown,-0.276787609589566,-1.07888647812991,-0.025548001194397,0.0516475649999041,-0.180776879617742,-0.0255458672012164,-1.14409114456599,-1.48170378944894,-0.0255479798455454,-1.84482830510602,-10.5707133393125,-7.04549215450626
1198,pre_switch,unknown,-6.59130750620853,-1.6125786712426,-0.676539228933984,-6.59398694555842,-1.7067629115938,-0.676539533318511,-6.513470906379,-1.55722090978606,-0.67654017916047,-6.48556681554924,-2.17523604580109,-0.69042677156447
1289,post_switch,unknown,0.421052191228324,0.834136143133109,-0.0154103211530285,-0.305212525571222,0.882409509685836,-0.00801580469022117,0.892006487151768,0.285767868552166,-0.0309009630448103,28.8814639954767,-9.99618819184454,-10.0260837735389
1347,post_switch,unknown,0.132911018947889,-0.043917442473364,-0.00359621260683278,0.125332099143436,0.062332498672311,-0.00359628321100691,0.0631384768308414,-0.124408207328661,-0.00359484650212254,-14.0606582329642,-8.47412113682105,-3.9383260118171
1403,post_switch,unknown,-0.541774165482177,-0.310339627113275,-0.00169443824010837,-0.162434552931,-0.602673893500877,-0.00169639558046152,-0.551270559788598,0.111730464857668,-0.00169649760587769,-4.32777458669658,4.84943075904496,3.81796764570421
1509,pre_switch,unknown,4.28992252081981,-0.85305339910233,0.0864060501468616,3.71393295213202,2.41094453028287,0.0864062658168109,2.38921233259141,-3.56833482103578,0.0864056232250524,5.40024471565686,3.92474147317891,1.70155825556961
1533,post_switch,unknown,-1.36103703579244,2.86889373900412,0.00846689708880186,-2.98662943326057,1.0558829994709,0.00846931602611602,0.452124334270839,2.17968702653767,0.00846767800082176,-13.5752092849115,5.57942890155386,5.36973257614162
1543,pre_switch,unknown,3.04509669731529,-2.95700698218918,-0.0799276957067561,2.69757213119056,-3.07560037363204,-0.0799260617816908,3.29169564571781,-3.14207071686921,-0.0799279115500896,-25.7338701735009,0.516784083736371,4.17076227165815
1565,pre_switch,unknown,-1.79140284952393,3.26902463573205,-0.0624315437616626,-3.40834877169915,0.446847247606143,-0.0624317557290438,0.301305688269663,3.91244973919307,-0.062433455730335,9.72447753921326,15.6625977880025,9.32882406679522
1586,pre_switch,unknown,15.4600577182968,5.31851930462345,0.500415803032268,7.11729899833152,14.7653058697701,0.500412897454824,14.3695951533304,-6.73620223961208,0.50041270547454,-15.003973030232,-8.26871872404935,-4.15544412392745
1619,pre_switch,unknown,4.28127677660471,0.859648803428284,0.0648019405929196,4.80331316057152,0.897217109490385,0.0648003828598084,3.94063367677015,1.27940441579271,0.0647986094792065,-3.21590321179255,11.2403599332924,8.02112888785091
1757,pre_switch,unknown,5.62171940641229,-20.0477148723018,-1.96864582034042,-3.17514952697006,-14.555534256639,-0.472314666965274,-20.7613876470674,-1.38853973840425,-0.607584257402538,-1.37787271441545,9.48473254868189,6.55056258016698
1973,post_switch,unknown,0.710915348950834,-0.424644414559199,0.00298082140508652,0.710240652273007,0.026949476788383,-0.00265832515397705,0.182054209197763,-0.809433827759617,-0.0119090885503606,10.5153980157356,6.64423286712389,3.81300509857393
1978,pre_switch,unknown,12.4890934291268,2.44294926125182,0.0144618697467141,12.3865279171656,2.41145393924283,0.0144646274085491,12.53663095293,2.39443964662737,0.0144642040802808,22.8042118258531,12.4758542488761,6.7917920605329
2068,post_switch,unknown,-0.0687904114344736,-0.215451389116448,-0.00709889439069348,0.10391604756796,-0.201597710435842,-0.0070998994022107,-0.200710213017582,-0.103122680516514,-0.00709913602720444,-8.14575289232056,-4.41505182564297,-2.3943222102334
2348,post_switch,unknown,-16.7192437684114,10.0924515004944,-2.0193924271068,12.2985707472219,11.132490394275,0.0763156709367658,1.88057312555151,-19.3216525682783,-0.278712230512713,-24.4150711580907,-15.1070777142527,-8.25367681955135
2413,post_switch,unknown,-20.1469944170371,0.0818866103159315,-2.05681037996282,-20.1710949354334,0.140747584544523,-2.05681192673981,-20.1715729769038,0.0232251769636804,-2.05681067225214,-20.2300948177628,5.09166573619273,5.81359688980315
2439,pre_switch,unknown,5.56565863963618,-3.81503250899211,0.548301679808625,4.74785030388757,3.85507072223038,-0.0148710863737396,2.95446619083861,-4.06588284590383,-0.144365904561449,30,-11.5929619198819,-10.5730209236819
2550,pre_switch,unknown,5.10638955958552,-1.4103691922763,0.0572646223626067,5.16397001714679,-1.71758124782654,0.0572655930602161,5.28978086263531,-1.15028646326838,0.0572657074368503,17.4431817509733,18.8764591069147,10.4515394526088
2630,pre_switch,unknown,-6.08537194599699,-8.04747224980305,1.42692840721101,8.15037807721958,-3.17796203418624,0.0186053187401646,-3.22723154630057,-7.62820462449512,0.0186044387988832,-10.5380613826749,-8.45919140411033,-3.13003691908216
2673,post_switch,unknown,5.55996511908737,-0.550230034523565,0.0529819893182853,4.00961155320115,3.01110612285859,0.0322381460987389,3.77450170790781,-4.11839011816854,0.0866605357138538,15.1313733124806,13.5036478292253,8.07964070280288
2734,post_switch,unknown,-0.239136411620651,-0.349226218869274,0.00739925884317053,0.0748730194910405,-0.412396123364383,0.000965746240960763,-0.408882629405221,-0.0851454936494667,0.00408441076318675,30,3.27021402802741,-2.66562105138833
2808,post_switch,unknown,-1.37209924312077,1.41858840203784,-0.035899250145189,-1.61848327684035,-0.0983870865738156,0.0274380723173278,-0.0759886884082645,1.69188594472778,0.0161652280463267,19.5811320454385,14.1807954167937,8.22288524759642
3268,post_switch,unknown,28.6876817841888,-29.0585102649425,-0.439708607414906,28.6375874595709,-29.1772854287271,-0.439708772961931,28.8070909271022,-29.0099451465456,-0.439708373351368,28.8060093002288,20.8981909567978,11.9201090409922
3287,post_switch,unknown,4.56891277483622,-30,1.75757363169027,4.47444831295972,-30,1.75757349216065,4.67441726758579,-30,1.7575744943657,4.58775843151558,-20.8149011138465,-7.85460810354897
3432,post_switch,unknown,-3.95296691385283,2.21449244364224,-0.192624505821518,-4.36718639209102,-1.23474120154896,-0.192623052071793,-1.22110975831353,4.36055788177706,-0.19262316246262,2.99858292032128,-4.09556523710008,-2.61165868944475
3463,pre_switch,unknown,2.26595960084691,0.464350596140469,-0.0357566108416743,2.74862302997415,0.820294939587168,-0.0059314832653022,1.37039579244978,1.25981069877089,-0.00406154516869369,30,21.3099577351776,10.5980696918005
3516,pre_switch,unknown,4.92070429582409,-30,-1.72220232442401,4.89360849092209,-30,-1.72220012263343,5.00035002715377,-30,-1.72219839493729,5.01040515954811,18.4345437896936,5.51346933322783
3643,post_switch,unknown,2.45715830194947,-2.26763843354962,-0.0863630764161412,2.86197470716547,0.802617262619074,0.0331104154082552,0.653605312238324,-2.9756757438858,0.00597259140211811,19.7829314420652,10.222404569084,5.42509377167361
3689,pre_switch,unknown,-7.43787591624527,-6.90813558463575,-0.208789551917525,-7.98410244124699,-6.41701381729483,-0.16756076248051,-7.50423291681601,-7.20557077208409,-0.191849616099334,-26.1223676505469,-19.0051375738654,-8.07872765060675
3764,pre_switch,unknown,13.4135890519811,12.0002139918656,-0.0540842358871622,13.4208129521436,12.0248764931547,-0.0540856092558741,13.3884141486552,11.9899176316345,-0.0540865950779654,27.2906642634649,13.3885787718518,6.90639720574736
3930,post_switch,unknown,-0.0718584804866925,0.296763713525371,0.00227483448417504,-0.0613767180884799,0.194715520940643,0.00227449801835014,0.159162523407132,0.25798662701095,0.0022744255923879,30,11.9487552778222,2.29083402320776
4044,post_switch,unknown,-0.329815458158625,-0.782316365928189,0.0127270043294794,0.288018791426313,-0.652581843169207,0.010405776581945,-0.511866666365615,-0.255814581250135,0.0104082439683077,-1.14740148953974,4.28706763692466,2.88910236239078
4069,pre_switch,unknown,-6.33075021723571,-2.77337432527197,0.0511380608089962,-6.2449509687742,-2.7896190620724,0.051137956358936,-6.37992608044457,-2.7012221782948,0.0511378416844458,-16.1544325382602,-10.8892282028673,-6.26823816355776
4167,pre_switch,unknown,0.479757144179634,0.465481314098304,0.0333675073484228,-0.313850722148965,0.724237828830214,0.0333683332526841,0.857955632174745,-0.278651137086735,0.0333686426281743,-1.57536692200355,-1.8799401615205,-1.24367098076312
4531,pre_switch,unknown,-16.5837044000443,12.0902340376946,3.13,-4.70495738939848,19.1329938925112,0.838541946243174,18.4548388927777,-7.39408763264,1.79897649019153,21.1234092826759,8.07082708005603,3.51570144750451
4732,pre_switch,unknown,26.8201249306892,-5.04640041269963,1.27606330281374,26.9626187725124,-5.05525454339957,1.27987311988628,26.8124303513583,-4.85445319073796,1.28057072253021,27.0487063915346,1.64299647020895,-3.35221139249931
4774,pre_switch,unknown,-0.965978368727238,1.22965809457573,-0.00883649277371582,0.137325753107975,1.16734879987451,-0.00883681048027152,-1.25532244185909,1.827669244879,-0.00883656753493068,-16.6274255221069,-4.93253079107858,-1.67610181952488
4818,post_switch,unknown,-11.9841823796815,0.322937990957374,0.321949973945697,-8.67188977959074,-8.24857402610247,0.321950151675315,-8.47757499681915,7.94727557275834,0.321951196837605,17.5593827881687,2.5687939857449,-1.93393690963902
4897,post_switch,unknown,0.284612985302244,1.15579802101377,-0.0248326789517486,-0.342004437152044,0.82218075497364,-0.0248320301175465,1.01511666633986,0.611399211392205,-0.0248320448087806,19.4721810513788,8.45157624926446,3.92737627737494
5074,pre_switch,unknown,29.6282124841489,11.9574704029715,1.42796607835567,29.6252122165077,11.8284782188219,1.42796173620735,29.7215467405795,11.9755940615494,1.42796359949615,29.7824225126992,8.69222728897355,-0.715614986524119
5091,post_switch,unknown,0.199585165023024,-0.356528214650561,-0.00382032970272038,0.393033123720124,-0.109427989513087,-0.00381538854039763,-0.00871088113364923,-0.256125977551097,-0.00382153643644204,29.7824225126992,8.69222728897355,-0.715614986524119
5171,pre_switch,unknown,-0.18670843803402,1.69486307968241,-0.112486290968697,-0.333451679977631,1.77941136307468,-0.112486003288297,-0.142729694100424,1.53131552221546,-0.112486093181269,3.36106845807578,0.109436843007829,-0.362139893724503
5194,pre_switch,unknown,-1.98514047490694,4.91795596631152,0.282391459882911,-5.1205910239588,1.75698381364785,0.186092697714422,0.168917583414015,5.41770465895965,-0.418050847221041,-28.2155993676824,-3.98791142139862,0.878622130613679
5207,pre_switch,unknown,21.2441759413035,5.42613533584379,1.04637206043572,21.3215560373152,5.32322386586698,1.04636910448908,21.2622295176611,5.55362185452344,1.04637295634942,21.4070945990353,8.3905115441322,2.14372174817695
5323,pre_switch,unknown,5.05427527792055,-6.88376169846551,-0.0560454470279954,4.83328344068951,-6.85808005498266,-0.0560465863819023,5.17123512096694,-7.05150790510237,-0.0560472317694622,4.32155327802997,7.20242111439305,4.91278905235555
5418,pre_switch,unknown,2.68508035754319,8.34661115532073,0.0814297010738542,2.96140394568531,8.59798281408499,0.0828713999758161,2.28994554797969,8.45235472632415,0.0788947535732922,-11.6393971393492,1.53751560635038,2.6269404033919
5462,pre_switch,unknown,-5.47078373339537,1.96922589185023,-0.37033513154765,-5.27012898256999,-2.49120671928509,-0.37033127652599,-2.45870255609015,5.26507794311039,-0.370331400829068,2.51101632060063,0.959541998435268,0.40962645628855
5544,post_switch,unknown,0.469382026086292,-1.14601742309508,-0.00436270914414339,1.14187382362812,-0.474742267601545,-0.00436091856066572,-0.357133062784438,-1.12083071417606,-0.00436021469459074,24.8246442217003,6.18694361372448,-0.588315654008899
5592,pre_switch,unknown,-1.71767891357199,0.43697865976604,0.0468880547791815,-0.61875624906757,-1.52766410072987,-0.0530330560355819,-1.18408326588288,1.95586998198417,0.0470562633647725,18.9047380668763,14.8157274192351,7.50144537077935
5629,pre_switch,unknown,1.2082464024856,-0.5833239809732,0.0269964415688451,2.02505294526888,-0.829900215479648,0.0269968263904136,0.972974520862187,0.383600768917814,0.0269976829463835,-26.0347971113478,4.02669489757984,6.66772069659597
5655,post_switch,unknown,8.22089089089012,-4.78377932176127,0.105546876356819,7.87063493572203,-2.0125238383919,-0.174050513391363,-2.60009974665071,-9.10676052338283,-0.205513068187887,-8.75315032736561,8.10382190133999,5.90179502346057
5699,post_switch,unknown,-0.120846429989553,0.165091165526448,0.00139766020844154,-0.178638426372963,0.0231551252357211,0.00140033755486279,0.0309217675321608,0.201510374619333,0.00140182778725439,-3.98855371644722,-7.82221852443661,-1.79116093893816
5723,pre_switch,unknown,-4.50470542381824,0.0725822410940219,-0.0210351723908138,-4.84426911175544,-0.0889988361537743,-0.0210373325000672,-4.21595548686248,-0.327904507790401,-0.0210364831913671,-27.3351803915112,-16.4139571471204,-8.9566507735183
5748,post_switch,unknown,8.32594584615369,-30,-0.883668842931042,0.258864932997809,-19.4296864479223,-1.30025814948338,-29.5041926787111,-10.2496634331708,-1.3002552594569,20.0877417835174,10.295105800791,5.44070685785686
5812,post_switch,unknown,-0.135813891776282,0.0195624362385611,-0.000762444413705548,-0.108643613618618,-0.0830213682875679,-0.00076603473018039,-0.0907153744965995,0.0784135220167257,-0.000764990847919493,24.2977841968024,19.2409599519925,10.6041525469499
5908,post_switch,unknown,-0.267204433091686,0.557581591879317,0.000301300368445597,-0.58462714391671,0.203702775545474,0.0011568702156763,0.167184802659784,0.506733358759081,0.000908102871736119,-30,-18.9581083766604,-8.53917851058743
5926,post_switch,unknown,0.0364881918224366,-0.15754545165627,0.00105680963864849,0.137360841122229,-0.0858766544373195,0.0010565452227245,-0.0855152910735547,-0.136896790722947,0.00105630358186018,7.710731923706,2.8848290123506,1.02465159829094
6046,pre_switch,unknown,5.9516646438384,-2.4347023086181,-0.0896926802936059,5.98877384589474,-2.42188758266439,-0.089696999149853,5.91636651738161,-2.41751518307821,-0.0896945514239938,-29.3786828965989,9.24595377592594,9.73575003593716
6255,pre_switch,unknown,-4.34045947239556,0.515847971579565,0.0196525737442763,-4.7066894783366,0.979658416533944,-0.0090732116125881,-4.68926242268747,-0.18586742210043,-0.0086644988093142,-30,-18.6783850473765,-10.1149820827014
6330,pre_switch,unknown,5.46134352871019,-1.08717262559759,0.108118172401051,5.40313794943136,-1.11862637176383,0.108116206693101,5.52473113638673,-1.10609868104128,0.108118601980257,14.6937462713901,10.2885527659743,5.47019991176571
6366,pre_switch,unknown,-17.7280996133249,12.1155810887335,0.326208369317866,-17.7638769238834,12.1565954327868,0.326211247665495,-17.731801248297,12.0612812637817,0.326206305265971,-17.7954958549937,-7.04916541941826,-3.10437412034814
6367,pre_switch,unknown,-6.95069670978108,9.31656844927204,0.136378509779464,-6.97940155056883,9.38625701824477,0.136373672467312,-6.97966467094279,9.24697718620521,0.136380226195921,-17.7954958549937,-7.04916541941826,-3.10437412034814
6490,post_switch,unknown,9.02508909532796,5.80817773757011,0.741854932271717,2.25717972777962,10.498444065092,0.741857179528205,10.4941913926362,-2.29389359203144,0.741856869627708,-3.79468957671221,5.68970675078135,3.42701006859597
6586,post_switch,unknown,4.16147947888044,7.02491378752035,-0.218569261326261,-2.05577337579301,7.9070177798546,-0.218568823152707,7.9339646451223,2.00494315953705,-0.218570072309134,-27.6270792039088,-8.99209107722758,-3.18550998309842
6713,pre_switch,unknown,-1.75139971856511,-0.11912945457191,-0.0359188592223626,-1.26068299500004,-1.53193788635749,-0.0359172617689014,-0.81337256643043,1.1423805016036,-0.0359166084167401,-1.80931808942458,1.15078054136896,1.10559359699534
6758,post_switch,unknown,-0.225862166528617,2.23601682776174,-0.0339809208558316,-1.7516125055838,1.40860153325456,-0.033978676887999,1.43806199155209,1.74222524286778,-0.0339766640509694,28.7837451391232,9.30651174914273,-1.10627835726827
6926,post_switch,unknown,-8.16806428343568,-8.06108531400684,1.32260460441808,0.0109818963826398,-11.5099211015206,1.32260250198896,-11.5128480979851,0.161110391141358,1.32260321803517,27.8887854857478,6.3343495941169,0.532770063702507
6989,post_switch,unknown,0.0780396485303542,0.140492720137954,0.00311868008556442,-0.0433271498050877,0.154677481362876,0.00311648777652328,0.153829554506575,0.0446436159133929,0.00311887397005922,0.313229648018644,-3.63857990057561,-2.60920624391046
7044,post_switch,unknown,-1.21053548920051,-0.112058513634077,-0.00762317705389076,-0.823926459328679,-0.868218078559448,-0.00762116120332595,-0.927540224705201,0.774351989404644,-0.00762524882788612,-12.1361016267707,-7.17956047807672,-4.02966691786036
7046,post_switch,unknown,-0.350415669792716,-0.0362681927114312,-0.00133072533512199,-0.23602122598495,-0.254160890833284,-0.00133163773764033,-0.271196347100821,0.221470069456395,-0.001332273547128,-12.1361016267707,-7.17956047807672,-4.02966691786036
7126,pre_switch,unknown,-20.124217564069,-16.7883366973822,1.71348000376838,-20.3070304949958,-16.765393549025,1.71750428919389,-20.078697372774,-16.9661123375676,1.70937258615621,-20.2980759742465,-7.56317909260947,1.27932104685898
7140,post_switch,unknown,1.86698389816831,-0.205127266748821,-0.0167601119398849,1.2805720359801,0.858203287198772,-0.074116434398169,1.09848882045414,-1.19513644160975,0.0221360636468378,-20.2980759742465,-7.56317909260947,1.27932104685898
7151,pre_switch,unknown,2.21246261837285,-0.139599681992841,-0.0204809058645067,1.35093048544005,0.766445769989757,-0.0204843643969281,0.869189076133422,-1.3890112415337,-0.0204814831793834,24.5378949265445,6.62001526945862,1.80065314650603
7362,pre_switch,unknown,-8.97201981277977,3.05062191580527,-0.695662802040449,-8.54606447473759,-1.45110072553373,-0.695661711825956,-3.95933883729396,8.60411341540259,-0.695661393638229,29.0511786242588,21.7992155518611,8.05000293355233
7399,pre_switch,unknown,3.29070878591011,8.1763491382645,0.422802339747697,-4.39839830979575,7.49464194500641,0.295593920417349,4.78593588445401,3.13026526776864,0.295595090910207,-30,-3.6238983473812,2.72961465548369
7404,post_switch,unknown,-3.74874366476427,-3.22491341590756,0.10289034325143,-0.165501288473061,-4.92907841824824,0.125350758771603,-3.12678039786815,-0.273173280953037,0.125351112058971,-30,-3.6238983473812,2.72961465548369
7421,post_switch,unknown,8.09244093895606,-18.3038676355055,0.226086972922316,17.3091993167112,6.36666545699434,0.711950242734031,8.09873354193962,-16.4285385192996,0.662569841397321,-29.4401920509003,-15.4003676509136,-7.61257502245674
7518,post_switch,unknown,-2.65444939510424,-1.793637187076,-0.131412359730934,-0.610751384211628,-3.14726692490093,-0.131411335362684,-3.14240328935733,0.608637155095967,-0.131410342469637,-5.39124886731131,-0.538934200651796,0.448619910084656
7581,post_switch,unknown,-25.3921208570894,-4.55998768115733,-3.13,-25.4360967565741,-4.49143797314488,-3.13,-25.4144205147959,-4.59654398232989,-3.13,-25.4968564043361,13.8727401445988,-2.22653527011565
7601,pre_switch,unknown,-9.10175220018425,-30,-0.317646851925853,-9.1064159862335,-30,-0.317646133821394,-8.99816505822287,-30,-0.317646007115859,-9.0083492358384,0.861566476567959,1.77684959958354
7773,pre_switch,unknown,16.6567883011313,-12.8809843261009,-0.743941161942578,16.6048430008693,-12.8952831271364,-0.743938320565105,16.6843785885352,-12.9115474564821,-0.743942679352726,-29.5097880373866,16.648094262319,11.4138866058843
7790,post_switch,unknown,-12.3197340937245,-0.420927193592023,-1.56385722396596,-12.3358442571607,-0.385503339610811,-1.56385534117441,-12.3383896917443,-0.444078883021294,-1.56385593483007,-12.370547552276,0.182894847185995,2.30468482545026
8043,pre_switch,unknown,-0.0931962909300718,-1.52954896346551,0.00463928989112552,-0.178328963577007,-0.44045718790606,0.00464368536812475,-0.541757464747817,-1.50436823781326,0.00464084994052072,-22.6485449329239,-14.9946680189459,-8.68850630071573
8108,post_switch,unknown,0.995549954646644,-2.76650121947561,-0.0150129585958888,2.73729855849121,-1.0487634545502,0.0272352117843344,-0.827011589773306,-2.14196313702157,0.028487917462235,-26.2978643527696,-10.7793642790312,-2.88217989000113
8116,pre_switch,unknown,-4.27326673461385,1.22819145889011,-0.161483693454808,-4.3754591113387,1.07797191263182,-0.161483338572021,-4.02857577252957,1.14993464846493,-0.16148448462118,-0.660058819751476,-6.60798241993196,-4.2453776408849
8123,post_switch,unknown,10.1169552765024,20.7059773651347,1.13725385801037,-1.19613360068229,15.4728113977761,1.13725322278714,21.7531043437353,7.46828602567288,1.13725572096399,-0.660058819751476,-6.60798241993196,-4.2453776408849
8148,post_switch,unknown,0.652705491675356,0.302839607304106,0.000378927261323487,0.480418629705421,0.375268407594037,0.00038093739069304,0.673504785171936,-0.250011152218256,0.000380062944250893,-24.7697225322349,-20.7457287792387,-12.2056055621668
8311,pre_switch,unknown,13.2610108401019,-2.41465599960969,-0.748794364304028,8.96762379534002,2.027501348138,-0.299608660771153,4.85243294765647,-10.9277961548219,-0.558394554931659,14.6022248509347,-16.8990541530957,-9.21096544435694
8384,pre_switch,unknown,0.391298433079495,0.00561879245568232,0.0144270444051115,-0.00362696447562189,-1.26417707053803,0.0779965463074698,1.3661079502177,0.343108639933679,0.0189776792396747,23.3495155309624,11.9660621559973,6.18409866703239
8386,pre_switch,unknown,-3.98248790959834,3.32899706110376,0.0346886503275421,-5.31603621303309,0.467689276271717,0.394572132606144,-0.575440876200727,4.39029326487319,0.0604581604534074,23.3495155309624,11.9660621559973,6.18409866703239
8456,pre_switch,unknown,-29.0165371160998,-10.6708405106088,1.27629038566658,-28.9833167717891,-10.5968702985641,1.27628996770795,-29.0923307868141,-10.6853165644035,1.27629087057456,-29.0892144779067,-10.0896404168956,-0.994668689081419
8558,pre_switch,unknown,4.19579387277067,-2.69004537908104,0.164895235072156,4.82194939632448,1.17450298083288,0.164894678540912,1.02037721983646,-4.97994122918757,0.164889732454454,1.67043402802174,-4.8709664998485,-3.24546682041439
8590,pre_switch,unknown,6.94188249481276,1.1399297344187,-0.035183941300263,6.97928380799162,1.07126863571006,-0.0351845101152878,6.96397750380697,1.21490100459976,-0.035184678146771,13.1031032528808,7.04344417167623,3.80025823323884
8591,pre_switch,unknown,3.63215896781626,0.735091969347999,-0.01477553415825,3.69830938838521,0.623227902583925,-0.0147763061748944,3.66448205090225,0.860956591185371,-0.0147761365967763,13.1031032528808,7.04344417167623,3.80025823323884
8624,post_switch,unknown,0.360822927149592,-0.189524863618521,-0.00115512459366641,0.387626560962991,0.121695792735325,-0.002078828351514,0.117655071063731,-0.388374386455407,-0.00463066444736972,13.8373440770961,20.080433811525,7.92903463367458
8705,pre_switch,unknown,4.87746185694348,4.60334826806421,0.309446721426908,5.13494000428767,4.73244247992088,0.309447095583136,4.60948572644458,4.72660390250377,0.309445982300217,-23.3417680594487,0.400420837875702,4.89226776746352
9001,post_switch,unknown,0.878303801430701,0.951901425072852,0.0415157271987551,-0.0552476967797618,1.28720872645348,0.0415153163655119,1.13699719828264,0.324806337098827,0.0415145315273109,27.5058170994682,1.76502633473909,-3.30296426255897
9217,pre_switch,unknown,15.911497489483,7.00039927578779,0.580383922212667,15.9876813551686,7.02111484765675,0.58038644531275,15.7928184386991,7.05094727574423,0.580385559457351,-7.36736050491951,15.9474444311438,9.36833844071223
9291,post_switch,unknown,-30,8.84096807556404,-0.875110246531533,-30,8.99625712299944,0.69043511610279,-30,8.69533447977943,0.697990944043688,-30,-30,-8.44046013384424
9416,post_switch,unknown,11.6057575861456,5.29153382340327,-0.525007160239783,4.41787572460061,11.9572304319315,-0.525004256537118,11.293184792739,-2.16593996425715,-0.525005342589685,-21.326548371233,-14.1120515842858,-5.53782963744653
9448,pre_switch,unknown,-0.578188785015809,-0.243083252068819,0.0257864850709726,-0.34537272378797,-1.21731168869434,0.0257909186336341,0.278909369204728,0.450176095623275,0.0257873043038881,12.7504933154525,6.54092443885294,2.95614309039657
9564,pre_switch,unknown,2.83103594373277,2.98804421087264,0.00387714670734955,-0.569775359730711,3.9645059922422,0.0038767576710242,4.23077841973933,0.40843770678737,0.0038770347443923,14.3770693916015,11.2674059130976,2.60523659989231
9575,post_switch,unknown,0.229721321015301,0.379077820670791,-0.000112120223456377,-0.106683202159793,0.429970824619331,-0.000113704832249188,0.395217178594846,0.150476463715642,-0.000111270566137267,14.3770693916015,11.2674059130976,2.60523659989231
9630,post_switch,unknown,0.1328069589074,-0.256415936224528,-0.00118932287542399,0.275563576822423,-0.0884005110466533,-0.00118823972861445,-0.0869411910346115,-0.274276047149788,-0.00118916864827884,-8.67562902681977,5.92882967273521,3.91635728088964
9649,post_switch,unknown,0.647093572919203,-0.350989117091338,-0.000317893876374576,0.705813435105319,0.211482023358471,-0.000314527896586963,0.210875498153562,-0.702780189986144,-0.000319514442960029,26.1651382201694,0.0281804298811802,-4.31200392804436
9814,post_switch,unknown,-3.13882553062751,-3.22558592985251,-0.316351298373795,0.00839837545117586,-4.49473811253935,-0.316352811990968,-4.4668309345749,-0.102712109883679,-0.316354456550169,-1.91822167722597,-9.1337840749062,-4.52296163539311
9820,post_switch,unknown,-0.025715012907799,-0.110241078315304,-0.001721743105427,0.0585579486900004,-0.0967031300621438,-0.00172315047994136,-0.0948766708432835,-0.0602254985287227,-0.00172323483785219,-1.91822167722597,-9.1337840749062,-4.52296163539311
9912,post_switch,unknown,2.90321023738882,5.03612068519766,0.051262942522214,0.826511604375474,4.58273453481201,-0.0916155843293083,5.76937990779108,-0.669048247059611,-0.167922184762403,2.75916787894017,6.93509895141551,4.86824808562038
9930,post_switch,unknown,-5.26745074899267,1.62932794683904,-0.0880367035073982,-4.85214188618122,-2.58067050460139,-0.0880370522335594,-3.12462060531032,2.32617171481359,-0.0880367769475428,-24.5046051352059,8.39525163346475,7.90383277209148
10016,pre_switch,unknown,1.57829593673124,-10.370819469625,-0.297555966765883,1.39304854420779,-10.3810977084767,-0.29755834859942,1.68383217260175,-10.4649027156448,-0.29755777287869,-27.9031293864808,-10.6535103694162,1.49807507649987
10031,post_switch,unknown,0.253991221967863,0.00673057392620705,0.00132636283270077,0.173464436630466,0.185447978261032,0.00132334560101916,0.201348599546189,-0.133082977774005,0.0013211121056143,-27.9031293864808,-10.6535103694162,1.49807507649987
10060,pre_switch,unknown,-3.84598354665706,-1.41716193636485,0.184950233709025,-1.84215418922412,-3.8694514820334,0.184951632844612,-3.52887460591369,1.73380179107132,0.18495151515455,19.2886043987173,17.9348597165136,8.00053056636045
10245,pre_switch,unknown,0.289895349719027,-3.53948819083094,-0.0164543909423705,0.323530874732956,-3.69563541782477,-0.0164521040077483,0.37651976635348,-3.405289883171,-0.0164537849708823,-4.71858418810524,0.0892478944576135,0.656989447567217
10290,post_switch,unknown,-12.2585349814321,6.50998714187638,-0.0523396943899146,-7.94158937347601,-0.595434075367168,-0.0523377418260563,-4.0341363435599,13.2542438294866,-0.0523364433810275,-13.1326983263767,-5.18581820880623,-2.33200098465755
10391,post_switch,unknown,0.0684331778382972,-0.303568915084371,0.000455033004894493,0.26416423566945,-0.165576690352332,0.000454435391079563,-0.167538061073392,-0.262737891750956,0.000454404725797513,30,3.08928319381481,-2.91808898920633
10424,post_switch,unknown,-1.34916198763525,0.464179324797609,-0.299256782582293,-1.29382372362002,-0.61098483333941,-0.299254327559275,-0.628034804305532,1.26356483966789,-0.299252425687193,5.34251135603917,10.0622194024237,5.97697384526863
10558,post_switch,unknown,5.01187847490662,-5.7262836508934,-0.069726255679235,5.7290758183212,-0.56087305610127,-0.0945176307476149,3.94686378709265,-4.57678416652377,0.381442962510178,22.5246873997159,5.40681616458254,1.16843220976012
10570,pre_switch,unknown,0.192378366551789,0.763990595884775,0.00800329113302871,-1.02010573015797,-0.289483478582726,0.00800156611069484,1.71417231309909,0.655914045853054,0.0080051124139575,24.9575560963415,16.4857805548302,7.18664644139761
10652,post_switch,unknown,0.357524762884549,4.34012630206778,-0.0809788398732369,-2.83771806696862,3.31462371758684,-0.0809784737539994,3.34203638029178,2.8058892131395,-0.0809800255289163,10.9353467696839,-5.43209034415592,-5.14030001881988
10931,pre_switch,unknown,-1.24688214495643,0.0634196169801786,-0.0226095960813126,-1.49433856381691,-0.633968076220652,-0.0226101605055484,-0.578778643994233,0.381567067402357,-0.022610545663487,15.3651644249074,3.21985136959585,-1.50809465170446
10982,post_switch,unknown,16.5998215584335,-30,-0.55466222321432,16.5129035272246,-30,2.55289718336589,16.6846801083975,-30,-0.553458644346556,16.7221598056864,-30,-22.0437196371091
11113,post_switch,unknown,0.0785916976481734,-0.283983945891212,-0.000210611292593991,0.231088177240452,-0.129395763132951,-0.000210269195456847,-0.120495114270205,-0.217511474863382,-0.000209425150182345,1.59815244766511,-0.0827911538962212,-0.26542280068246
11162,pre_switch,unknown,4.94285793468288,0.0840969896020285,-0.827974670951875,3.88006841877764,1.56581161024322,-0.827974542379511,3.36617693372667,-3.43952221863235,-0.827975423591626,-30,-10.8766904209106,-1.62651554782151
11163,post_switch,unknown,6.34510732689204,6.70550038679031,-1.97265250378993,3.01159769983455,7.10940533606731,-1.97265158997111,9.16051900635524,0.178061771531259,-1.9726526198283,-30,-10.8766904209106,-1.62651554782151
11254,pre_switch,unknown,-1.78168626450687,-0.308695045365082,0.00975083246865333,-0.197619855991946,-1.10839211346783,0.0097510258846748,-1.74790778673253,1.33648095446857,0.0097515218341594,25.4007403935495,7.71266965759898,1.6172138683003
11347,pre_switch,unknown,4.85576748398177,-1.28937108616583,-0.108828386105102,5.07204428462034,-1.13136875514578,-0.108829963676987,4.59190715706296,-0.776721638134555,-0.108830254415616,-26.7169099715129,9.68099464129683,9.16952318170881
11535,pre_switch,unknown,1.29209597447146,-15.2801497402226,0.662829845367451,1.200818929576,-15.4114363668813,0.658406104345543,1.48546438144914,-15.3136204376732,0.666180353056079,28.6632514381597,1.40242136715787,-4.56740372030858
11722,post_switch,unknown,-0.0335410939950007,0.103059076197084,0.00299528373479422,-0.0965886200863607,0.04770794434292,0.00299288624657743,0.05017737114256,0.0976184788577237,0.00299501800753518,-25.3565041119695,-16.2463210008796,-8.65817422541227
11843,pre_switch,unknown,0.996894510700921,-0.561550312592527,0.0107237056859162,1.66129283666146,0.917033685700822,0.0107231752775932,-0.55489292616259,-1.14096730173234,0.0107250052154855,-10.3683992539152,-12.7060518896385,-5.09327916412222
11864,pre_switch,unknown,-6.97485442937134,-6.34103509023974,-0.827807061639114,-4.5118874358403,-6.53444725879106,-0.0712054031302105,-4.74913363534203,-8.31623018707151,-2.38552113259759,8.52697158291974,10.9570546288434,6.73594367937457
11878,pre_switch,unknown,-6.14457735735699,5.95417271609217,-0.0610736003512825,-6.26321507929514,5.90419355557032,-0.0610749939575297,-6.08582746954815,5.68841319334861,-0.0610709901611294,-9.42343063443276,-10.1211615879786,-6.4359914167977
11918,pre_switch,unknown,0.403029192723136,-0.0456144654405674,-0.0174724500878102,0.551529034143418,0.251374971858445,-0.0174725846276187,0.0880224675757192,-0.150615034069786,-0.0174729492274028,2.75179770716971,1.73171440753636,0.642331061564652
11970,post_switch,unknown,-30,-30,-1.24247189070587,-30,-30,-1.23800890662508,-30,-30,-1.24182909603691,-30,-9.88371534896602,9.83301548385615
12022,post_switch,unknown,1.76174400127463,2.0722953309725,-0.038698295075358,-0.417481275342942,2.70655613337247,0.0015256480904961,2.53461733561846,0.765003703702475,-0.0320901655099759,-30,-17.6630362862478,-2.58025938401011
12129,pre_switch,unknown,1.5636221104354,-4.3149639405128,-0.327813795583167,4.0933755574215,-1.67539198046521,-0.249585848000542,-2.50372631440588,-2.84496166485456,-0.0619319787917689,3.7264999807113,-5.9572376602765,-4.80706814939491
12243,pre_switch,unknown,1.14689816644957,2.44329902923201,-0.0179844796099244,-1.12849104398102,2.17651924333,-0.0179831345203878,2.94446678810187,1.02301172540806,-0.0179825807127858,21.3280341004691,10.0968598729743,4.55569531532991
12348,post_switch,unknown,-0.37430031205531,-0.344005199965817,0.00190751787786531,-0.0237651239786086,-0.507551912469246,-0.00278720411514994,-0.330959769366921,-0.0725798955910705,-0.000976361469500847,30,17.4553952413879,9.48294382399332
12365,post_switch,unknown,0.314057082625191,1.12937438497259,0.0102645131296905,-0.523211077591967,0.971113239199532,0.0102635114994037,1.02245617698938,0.573199892750512,0.0102631563606386,1.16514866828773,9.24673621147494,6.40591111979941
12416,pre_switch,unknown,-5.02076995084453,1.39591806555491,-0.134254675893629,-4.47218280325176,-2.56393746872531,-0.134253005154121,-2.60861539789894,4.58388932725411,-0.13425542056157,10.8269124952786,4.52659134576969,1.98328791293643
12425,post_switch,unknown,-0.134966336839684,-0.0608212993480431,-0.000600219619050088,-0.0520022085167135,-0.138101936712489,-0.000600461980139111,-0.138983366647183,0.0524906752165889,-0.000602441451898722,10.8269124952786,4.52659134576969,1.98328791293643
12452,pre_switch,unknown,1.55406412430816,-0.66638114940795,0.0826086015477357,1.72948195417403,0.555871658497538,0.0826083541252491,0.565762460414768,-1.40660162348996,0.082608329562445,8.91018307110578,4.31375843898923,2.05604544015182
12593,post_switch,unknown,0.791178762675835,-0.263442713379428,-0.0280643073726467,0.689731536236585,0.188047860305327,-0.0280659636364918,0.369899899005354,-0.744960304204283,-0.0280642855722821,10.2368669509318,-9.74608939502139,-6.68589042939285
12690,post_switch,unknown,0.000779573845837266,-0.124491604227903,0.00146596506184679,0.0886582407141177,-0.0883427243627034,0.0014662815328332,-0.0869185937573481,-0.0879148057503964,0.00146802529632192,-16.5965153071225,-2.81699354441421,0.16783829414873
12738,pre_switch,unknown,3.14687677383811,-8.95833478695585,0.700092206345864,9.48753890464827,-0.798751815742971,0.248332735852608,-1.12476595037949,-8.73618282788038,0.47655053296068,-16.1360935399511,-13.8301206787487,-8.39097674431727
13026,post_switch,unknown,-4.86006393861478,-11.4761324085097,0.299863574808441,4.66350981518044,-11.4967856239611,0.299862149858587,-6.45803168266072,-3.92261514283791,0.299862296706523,-1.39843591317269,-1.5394208530295,-1.01333531875717
13082,post_switch,unknown,-28.9280994550083,30,-0.978330641090346,-30,-13.5646563404843,-0.668087875581192,27.8428793486882,30,-3.13,13.3617201592626,-9.33624410107812,-7.8814693621354
13102,post_switch,unknown,4.75872303812979,2.0952803171572,-0.528574799502682,1.87012825301422,4.81952705452035,-0.528576448403119,4.87493542288504,-1.87361567827313,-0.52857630498294,-15.7223413266118,-9.22177926787772,-5.10427717147858
13140,post_switch,unknown,3.38313425922453,10.1161065324877,-0.169597159017333,-4.76979093598296,9.5457490139424,-0.169601266635033,9.55148755759493,4.75439324205609,-0.169598900871125,-1.03508004107395,-1.90478119431665,-1.26317037075353
13147,post_switch,unknown,0.00937933540705394,0.302401307240681,-0.000758374767126105,-0.207446758734167,0.220400564361923,-0.000757392101220356,0.22067537773414,0.207072369017321,-0.000761123229677703,-1.03508004107395,-1.90478119431665,-1.26317037075353
13173,pre_switch,unknown,-0.90489255561695,0.427131916685062,-0.0158654150816472,-0.628960553689375,0.609425567897372,-0.015866037481714,-1.22890900567475,0.49334373223509,-0.0158657069272489,23.4626507705323,-1.27546408125152,-4.23950319957688
13277,post_switch,unknown,0.730810526974777,-1.53032769138276,-0.0230349258057025,1.55162718396026,-0.57443340580892,-0.0172236293748559,-0.256375281688286,-1.45562330887103,-0.0205614965905521,24.5892560771211,2.42526670183081,-3.409270753015
13306,pre_switch,unknown,-0.19616219740183,-0.156825465548537,-0.0336095434694599,0.574194061753707,-1.16467391386156,-0.0336097238434093,-0.0282285734842783,1.10055154644203,-0.0336088164848812,9.70466070828453,13.5152223168918,8.42437385951392
13337,post_switch,unknown,-0.131510442836251,0.0963816202817942,-0.00338875274845218,-0.161916135233085,-0.0249851145218494,-0.00338885875097246,-0.0241897599541706,0.160701176225654,-0.00338892720133995,-2.57626669434105,6.22093808301517,4.42228750543799
13405,post_switch,unknown,-3.45251338890547,2.98065528617497,-0.779762467837204,-4.57621626233834,-0.284736822782927,-0.779762889441227,-0.348952043821952,4.49506163429644,-0.779762707114422,-12.1106046897331,-7.95727821209769,-4.57829832232737
13450,post_switch,unknown,-0.062400851195918,-0.210865166800861,0.00138300381537876,0.105827317651668,-0.193263187591889,0.00138232621210141,-0.193801019244219,-0.104355012644547,0.001383271993132,-8.07539805821151,-8.22802604862672,-5.12898953837179
13542,post_switch,unknown,0.371880577074549,-1.32345074462939,0.00911473525446018,1.20032181830628,-0.667248178162748,0.00911433222311495,-0.677921245978579,-1.20166496349071,0.00911294929367299,8.26812755419196,-7.6573471787763,-5.84981333861301
13709,post_switch,unknown,19.1204933713206,-19.2220708944333,0.945267930963774,27.1448374811316,-0.0225234134109409,0.945260454474295,-0.129919956562,-27.1242160499895,0.945260014277053,10.57129758739,-4.83680638438141,-4.51536341172405
13799,pre_switch,unknown,0.615620123483838,-2.27123458140569,-0.0122321816681753,0.427494581635039,-2.55640814726042,-0.0122304034117148,0.950309275815026,-2.20261048667149,-0.0122304218837164,-14.3252630460645,0.0683341632585924,1.87901705619549
13813,post_switch,unknown,2.54203197902983,-14.2327800310519,-0.257972379904764,2.50359261923031,-14.2573901296927,-0.257966394328355,2.58661269713731,-14.2425588801777,-0.25796980295967,2.55251711885154,3.31993039510153,2.21164734675389
13835,pre_switch,unknown,-4.28264278650823,4.16870372586024,-0.106939734630172,-4.4739560742548,4.40898678209564,-0.105909340038023,-4.50668894871854,3.81102408053086,-0.119517511909864,0.171043305166478,-6.5374035404383,-4.75624707362145
13932,pre_switch,unknown,0.272108778763964,0.0447538762627023,-0.0450913723081857,-0.285300094919122,-0.584575158702426,-0.0450888533157187,1.11126156687553,0.0956095559475465,-0.0450905918908501,-13.8552908285979,-1.53806561942366,1.37929689158999
13937,post_switch,unknown,-15.9248927043713,16.757636206,-0.333149319922528,-23.1185661294451,0.546042348680728,-0.333150418672727,0.625049082525757,23.1342562190166,-0.333147547119857,-13.8552908285979,-1.53806561942366,1.37929689158999
14028,pre_switch,unknown,0.633267845892758,-1.91527058059943,-0.124651704588022,0.921379266096115,0.241242748464561,-0.157299116662982,-0.303063175802021,-1.79098142656771,-0.000666462916427524,25.6852730208576,-14.5876322870304,-11.398940108323
14138,pre_switch,unknown,15.0000170112015,-8.19659158923672,-0.763421630596444,15.0638917049681,-8.20331770617585,-0.763418519217021,14.9782068021191,-8.11547599969098,-0.763416789405071,-21.3406099740664,15.0870011717586,8.97084413908022
14292,pre_switch,unknown,-4.15603032967479,0.278967498429949,0.11731652287662,-4.55211499737457,0.355549530725311,0.117317294306185,-4.03348636161946,-0.269908927273611,0.117316965906833,28.3425242705367,-7.69581017292768,-8.2759448489725
14303,post_switch,unknown,1.32217677128809,0.0288351818083808,-0.0319163131627648,0.806142102801026,0.543340385413922,-0.0319153318945788,0.951731100322387,-0.917060398413317,-0.031916139533416,28.3425242705367,-7.69581017292768,-8.2759448489725
14318,post_switch,unknown,-0.331876571534983,-14.349090594296,-0.11564978982694,9.95957368994831,-10.3438623721328,-0.115666511424836,-10.2098049731406,-10.097389648663,-0.115649869486038,20.3282708660842,7.089097428049,2.87726521156371
14347,pre_switch,unknown,-11.324789368533,-7.68045397283945,-0.380234322821603,-11.3915980891732,-7.5245872581717,-0.380234471086873,-11.3877511418337,-7.83790332023498,-0.380233615420584,-24.2348633855632,-11.5463223693641,-4.27351075116918
14358,post_switch,unknown,-3.65830633556333,1.68912209426351,0.135611514146911,-3.77462902435308,-1.40345212524561,0.135608868708035,-1.38926768244717,3.79364836139505,0.135609845226689,-24.2348633855632,-11.5463223693641,-4.27351075116918
14397,post_switch,unknown,-0.656053944352872,0.439548081302167,-0.0499047905432013,-0.77164010980761,-0.161950364568501,-0.0499044259685359,-0.14898969849694,0.783144566198038,-0.0499049654371082,-5.84459865499701,-18.4798386922893,-9.45962577484571
14421,post_switch,unknown,9.7197803691898,-30,1.04549436121837,9.65058916616593,-30,1.0454930338562,9.8397170736771,-30,1.04549246705889,9.75987103340276,-17.7081086689187,-12.4853488438118
14564,post_switch,unknown,30,21.4819191936075,1.12488994165936,13.0988472360574,16.9190789286919,0.943551293524408,-30,21.1225457164355,-0.953072171046433,-30,-18.8774558603163,-9.98971466838272
14723,post_switch,unknown,-0.0763245099080612,-0.0594037505653379,-0.00127535116227359,-0.0118834338987845,-0.0964272413328706,-0.00127459279000798,-0.0957121688398193,0.0123413018141385,-0.0012745973821994,-4.56918613198513,-1.35125735892632,-0.46463859169107
14952,post_switch,unknown,-0.1161469640754,0.240044686501305,0.00372922667446808,-0.252585318755155,0.0860881108625511,0.0037334556685274,0.0891954528047066,0.252428527014586,0.00372894268140371,-8.94101651168022,-18.9329284010844,-9.14063017519858
15160,post_switch,unknown,-0.105070219968643,0.235158747049616,-0.00146350860289525,-0.241291723957281,0.0915096875291308,-0.00146268845102657,0.0928327036694755,0.240409046948651,-0.00146571688923389,20.7526877578342,-2.85599219930478,-5.04358366151343
15194,post_switch,unknown,2.56230231719622,1.42259881716325,0.107836082554793,0.807791011535986,2.82178727951603,0.107834500914565,2.81355414796107,-0.80740827638953,0.107834096369826,-8.83850499222638,-0.289530455687726,1.33764474655001
15466,post_switch,unknown,30,-10.3801771351163,3.13,30,-10.4836597894043,3.13,30,-10.2690074682746,3.13,30,-28.9442243818079,1.1340469307233
15512,pre_switch,unknown,-0.8491721230761,5.72778166513049,0.308312041053802,-4.92808206989126,3.41508830664323,0.308312756324382,3.67036238015139,4.47887341289965,0.308311327829463,-26.0637017067621,-9.54598672414217,-2.53618973551656
15552,post_switch,unknown,30,13.3592393372667,1.47345360584092,22.9765578641413,-16.5301454684426,0.409289738184649,-12.6497259445634,30,2.82732383159218,21.3360076419587,5.24584535537316,0.897057425255318
15555,post_switch,unknown,-1.90124696059858,-4.94814440242682,0.109318092767172,1.3108778470085,-4.3357958754831,0.0303597711454518,-4.42645205422254,-2.95172469644571,0.209762199516469,21.3360076419587,5.24584535537316,0.897057425255318
15564,pre_switch,unknown,-0.414682529531516,-8.84139031752187,-0.0417288891349014,-0.616130366531891,-8.78503284027138,-0.0417279558386821,-0.317401592338746,-9.00857941888897,-0.041725964833172,-12.0862220694489,-2.73820814116978,-0.583444631534157
15593,post_switch,unknown,-1.79973392315018,1.20209833228965,0.0650794882084895,-2.13235484300716,-0.427001286232486,0.0650811529594729,-0.412597364053626,2.11884909139353,0.0650798289952481,-15.3528256906603,8.75471398186038,6.26840877081474
15611,post_switch,unknown,8.75462582137239,-4.12808800497207,-0.187433301586608,8.6089651108938,4.38548170478359,-0.106512215943548,9.34645862546909,2.70232079421381,0.691332994284274,22.103032675544,-0.574992317255007,-3.36483166880553
15668,post_switch,unknown,12.1688635357462,-4.45986964028594,-0.248634569199709,6.06372391948082,9.66805186380543,0.179223270116898,9.20502320011058,-7.83349854813352,-0.00492585019537213,-28.5577728411612,1.63201217978643,5.03956748864776
15690,post_switch,unknown,-0.94213926307607,1.14074670828226,0.00869682943445215,-1.47765288087325,0.122549019434965,0.0143452896199729,-0.196883079778227,1.38087585997149,-0.00506697766852549,-13.0420798247779,1.33068386019316,2.6579741832266
15732,post_switch,unknown,-14.7862564749224,9.32341998917037,-0.131205395029808,-14.7769263170833,9.37780965625046,-0.131205497540199,-14.8313119555609,9.2915584706995,-0.131206052873612,-14.847251877872,-8.65786101824849,-4.81319122786327
15818,post_switch,unknown,11.2976038781951,-1.7079582825116,-0.367955970407492,9.17228593395895,6.88899955281982,-0.367953827269006,6.72147876743814,-9.28975129119143,-0.367954267487707,-28.7770827569786,-16.6713732512759,-9.26471277739791
15826,post_switch,unknown,0.155769173199073,0.0818652782678276,-0.000693622445757769,0.050974873063194,0.169155358715386,-0.000694598050280255,0.168146953650238,-0.0539602690776543,-0.00069186110988517,-28.7770827569786,-16.6713732512759,-9.26471277739791
15881,post_switch,unknown,0.222499877134044,0.516629306708731,0.000904979239812647,-0.210594922742689,0.523057459283304,0.000905481664949515,0.524204139578719,0.205838970055003,0.00090265729286983,-18.4084983824601,-16.6676674378094,-5.32556501249277
15904,pre_switch,unknown,-12.8858729976261,18.9825652871403,0.34169336639753,-12.803447759854,18.9812795514565,0.341694660686158,-12.9254378382206,19.0417573332035,0.341698212765395,-12.8431067515368,-3.09879848428334,-0.720216119907707
16038,pre_switch,unknown,-7.38754939108183,10.3891850890988,-0.482084646892693,-7.38139161556483,10.5075592053985,-0.482084806804482,-7.47560051745963,10.3098290547756,-0.482080493206461,11.9086272518655,-7.52734169080953,-6.25377275550284
16335,post_switch,unknown,-0.600797910924693,0.7806674730489,0.00944412250805652,-0.973704065254344,0.12329283563322,0.00944506623199954,0.127720419376272,0.981817674275259,0.0094458230967221,-8.15630403711764,1.30239690372881,2.00664386386543
16347,pre_switch,unknown,3.90648304648851,-0.591392466868223,-0.0753407773250188,2.78538287819589,2.69697296366181,-0.0753388373725678,2.4532327680871,-2.54448522492128,-0.0753401776883567,-23.4709877100772,-13.2268269071706,-7.27882942525841
16396,post_switch,unknown,0.282498537403673,0.255205637487718,-0.000456516562623273,0.109217089087289,0.303723298238497,-0.000453872961614262,0.37976161116905,-0.0207126656839735,-0.000458393964567252,21.8383540282385,-12.7735597874044,-9.03897824969396
16399,pre_switch,unknown,-0.625559655053197,-18.4345669118212,0.43731711630774,-0.799977660032645,-18.5604396334847,0.431534067194483,-0.263528696461479,-18.577139184795,0.423055898177853,29.0976132921374,-0.539925501834564,-4.53306647041768
16561,post_switch,unknown,1.08660856513979,6.25315128501012,0.212821575692225,-3.65828656391053,5.19054340462547,0.212820536722319,5.19312442516934,3.64939627940998,0.212823454655876,-1.96193380304552,2.55463183629192,1.59228772179216
16696,post_switch,unknown,0.328846581216321,0.18683223709038,0.0191247480356557,0.105125867537009,0.369122642139494,0.0191274394814866,0.358140045324597,-0.100259807193919,0.0191272793941385,-5.38889336650144,-11.8810973156116,-7.02968911986125
16758,post_switch,unknown,-10.7132935795957,8.46807516924082,1.95776749177888,-10.7015371089001,8.50955193074252,1.95777685997578,-10.7469586909209,8.46439989141713,1.95777747239963,-10.7574833906022,6.48021240046813,3.85448483176365
16830,post_switch,unknown,-0.533772023946688,-0.364892727471774,0.0223608702759264,-0.118762008711834,-0.637796270633661,0.022362520064894,-0.634255857691782,0.121535545321445,0.0223613063326739,2.32885745480077,-8.77728322689131,-4.43043797703368
16843,pre_switch,unknown,-5.36333193765237,-5.36781072054609,-0.288404664032309,0.21344920640973,-7.47887294833077,-0.288404603787447,-4.68029865207193,-3.23988610632128,-0.28840245304384,-25.4384027034626,-18.2948626651689,-3.96673041755528
17054,post_switch,unknown,-2.90073080806857,5.69712794541556,-0.0898958857381865,-6.08194555515818,1.94030703635401,-0.0898933113306739,2.00516768776515,6.10412882167943,-0.0898963729200843,13.751719123492,11.7409765922112,5.55439051747197
17185,pre_switch,unknown,7.18729466102304,-16.4121339112068,-3.08512540235798,6.60910388423917,16.6547784264052,3.13,-8.34527451078141,15.7561683111248,0.0684810587437882,-21.5474978988388,10.1970647240858,8.90064467332996
17272,pre_switch,unknown,25.5078708891084,-24.2243640498155,-0.376655204373827,25.3980849051389,-24.3244742764351,-0.377074521167389,25.6034903147656,-24.2321239666496,-0.377072001626243,25.5734061897498,17.7906935539019,10.1554355933268
17435,post_switch,unknown,8.87521633566322,0.0591126925282596,0.246242542033704,5.90205353197247,4.6731500731662,0.246239718153827,6.29788475668048,-6.25846296969864,0.246239643428414,-2.98074292680398,10.7982551595414,7.99719249630525
17467,pre_switch,unknown,1.64815432101858,-0.907824489065924,0.0485713507235382,1.1868765557617,0.470747015782623,0.0485706961769744,0.96565409610409,-1.65251690801656,0.0485712354992783,-16.0765888578997,-7.64456006680364,-2.6309717321781
17526,pre_switch,unknown,-4.246788107874,1.82078544291869,0.0800626206748687,-4.2457435057838,-1.88497636365669,0.080064402522921,-1.62714548438224,4.44190704131414,0.0800644749943218,-16.0734803034578,2.66032353243467,4.07793499673574
17597,pre_switch,unknown,-3.81602890852097,-10.2022576976458,-0.0788647061973195,-4.11570109975678,-10.1995472826717,-0.078865372657823,-3.62664174485767,-10.4102320872987,-0.0788646237672983,-30,-10.7971884772523,-4.00427029208992
17735,pre_switch,unknown,-5.39811845010474,-3.70134415920045,-0.332307010985759,-1.04543292755908,-6.56169110005369,-0.332307897587157,-6.45336575215065,1.39903502724722,-0.332311281870828,-16.1772006879595,3.35296982855724,4.37352042612954
17741,post_switch,unknown,-0.372922437706689,1.96125438789387,-0.0592011070990292,-1.65507590420672,1.12079149739866,-0.0591993923411786,1.12798560404382,1.64893815994054,-0.0591987756192508,-16.1772006879595,3.35296982855724,4.37352042612954
17759,post_switch,unknown,1.42654223061847,-2.26618166261915,-0.0751735198545275,2.61999436778165,-0.586770379227487,-0.0751734520270787,-0.604881032444308,-2.60980837718005,-0.0751734606320014,7.77901992057467,11.8660174678135,6.46117871969685
17767,pre_switch,unknown,-12.7210974004023,-12.5672897632965,0.512512627303378,-12.7443607479769,-12.6016569138049,0.512512920882376,-12.6270694174051,-12.5843528111701,0.512513512263517,14.0037798362337,-12.6946938782274,-9.38636721388712
17804,pre_switch,unknown,-18.7403040586414,20.7242558714667,1.34606170360988,-18.7559966194489,20.6928679555917,1.34606270672075,-18.7070113121373,20.7353532113114,1.34606141794918,-18.710261594494,8.68792581793828,7.5894912655358
17808,pre_switch,unknown,2.76178140167301,0.189103651492875,0.020188562482432,2.64921679242719,0.426433369214563,0.0201895185570219,2.6735675782549,-0.058305647578875,0.0201906821581467,-18.710261594494,8.68792581793828,7.5894912655358
17925,pre_switch,unknown,0.297030788422504,1.28832270468612,0.0336090070755643,-0.747528853929013,0.740394601221716,0.0336110034863602,0.823518524492022,0.969291371263849,0.0336082949716979,-15.9963398904563,8.26030599113636,7.70919106502511
18128,pre_switch,unknown,-8.54080111489073,9.66302789808601,-0.461711904928355,-8.64035898934498,9.77889313052441,-0.458237451273375,-8.61814215766526,9.49640285899636,-0.457661752115503,8.44372996427608,-8.79803672620209,-6.61543496311489
18182,post_switch,unknown,0.187600676509864,-0.244777196297183,-0.00116289221959184,0.30543180458639,-0.0399906878140485,-0.00116485963796862,-0.038451494742662,-0.289351180910431,-0.00116274696593554,10.4451103386538,2.09844967806258,-0.0387712919981685
18240,post_switch,unknown,9.48225958627876,-30,1.83945233938553,9.37596381637409,-30,1.83945152017781,9.55936244207545,-30,1.83945402294395,9.52137037108562,-27.2391851725557,-9.78962679490445
18307,post_switch,unknown,-0.569904692245505,18.9526391393398,-0.357723928939604,-13.7937711241138,12.9681287740172,-0.357714771565577,11.4414574122137,12.3326511473217,-0.3577214900319,-7.03810504247336,3.90891946307907,2.99541018139412
18395,pre_switch,unknown,4.71064729398502,4.92424416079813,-0.076073887520795,4.79079665141017,5.0416767206108,-0.0760674084784483,4.51262213499375,4.90685711096001,-0.0760683694370346,22.8955678190537,10.0688879173147,4.59064626227001
18400,pre_switch,unknown,2.54598391782534,-4.47404805473392,0.217735291370556,4.22011802174661,-2.13521194584041,0.217737480567342,-1.46691767375741,-4.73706529896106,0.21773692904321,22.8955678190537,10.0688879173147,4.59064626227001
18545,pre_switch,unknown,-16.538975320127,5.02336399955467,-0.355628912592138,-16.6404858628432,5.0517790101161,-0.355630677944965,-16.5183507368288,4.90043156667578,-0.355627315188226,-16.6770566852361,-9.42244610175359,-5.00780442079298
18579,post_switch,unknown,0.435291040860773,-0.750628306322343,-0.0313760609165616,0.665887844172348,-0.219010196508792,-0.00249904682815742,-0.195438297120181,-0.840307446474541,-0.010779959210489,20.7743937224064,9.5931145781594,4.58263335385724
18590,pre_switch,unknown,0.587323146199507,-11.9314027540214,1.17352394537491,7.44925542056225,-8.75570098718787,1.39936303178341,-3.81938166730992,-10.6374903537464,0.581040618686367,-28.0605676877246,-21.9908019790358,-11.1350314919386
18670,post_switch,unknown,-5.61457478723564,-5.63083294499453,-0.28431932171623,-2.14412603968408,-4.21808276727075,-0.284320809631748,-7.93588354980283,0.00673898291747971,-0.28432241205275,-19.4685481041364,-14.1250362961772,-7.10111224338381
18684,pre_switch,unknown,-1.93178719070985,0.750215538484402,-0.0524013817533813,-2.01505276839083,-1.61154656673873,-0.0524005303406168,-0.203038519840932,2.36106393644423,-0.0524006620862005,-26.4470575959082,17.7666868883789,11.7456193865564
18772,post_switch,unknown,-13.4721315616763,30,2.57358082032343,-13.459570593737,30,2.57358360834933,-13.6121328612838,30,2.57357987716611,-13.5277005802612,21.7314718273848,-4.20682654616371
18778,pre_switch,unknown,1.81888402647148,-0.633974797717767,-0.313004218024802,2.26744926536403,1.12200168929429,0.00390144300189553,-0.681680150584903,-1.63773405070173,-0.0299168650851076,-12.7338752167069,-4.79583315129125,-2.10673696797069
18791,post_switch,unknown,-25.2356254446073,30,-0.311870421642204,-25.1621992386748,30,-0.323604182486314,-25.4416870256092,30,1.04182288832514,-25.3691581263209,24.5498133182487,-0.532920927725589
18907,pre_switch,unknown,-8.39242185303191,15.8384628438739,-0.564846778995232,-8.3560413003772,15.9746954876743,-0.564845087690233,-8.54917705882924,15.7461978820816,-0.564843926690463,25.1215686894938,-8.58216396473124,-8.58148618330626
18950,pre_switch,unknown,-2.07814123803727,-0.642461944227949,-0.0353249026756553,-0.807270049049276,-2.07536324390552,-0.0353235808250043,-1.96357155853482,1.26939324268199,-0.0353240549172648,13.0823938887979,6.85204011463536,3.52744437147979
18988,pre_switch,unknown,-0.540017479852379,-1.82165813718536,0.0424632774443934,1.20911816682366,-1.62626916064685,0.0424627092693168,-1.91500694357797,-0.722992656057003,0.0424631571658153,-4.11128269535106,0.145878423967342,0.628033083419663
19061,pre_switch,unknown,4.27014292026936,1.50886081759921,0.114729716121065,4.45439482324818,1.46775453318228,0.114732868909346,4.16892208866983,1.66821354951948,0.114730113148788,-28.7253504542675,4.04609290681317,6.94241037671932
19113,post_switch,unknown,0.22796948552243,0.271690646256945,0.00322704811531677,-0.0321309830887587,0.354092160391481,0.00322932600518387,0.353616972378077,0.0295127996137853,0.00322862933932563,22.3990832741787,12.7777285454191,2.8891955927235
19128,post_switch,unknown,1.38024182054556,2.07639912568326,-0.0664486711862487,-0.494418686409284,2.44227732933715,-0.066444984413184,1.72040515465275,0.654561390342278,-0.0664453078142425,-5.63080573294548,3.76442131381286,2.96807186486472
19157,pre_switch,unknown,-0.532749911496194,-0.72719710201443,0.0241636749873933,0.161564807387494,-0.168591497124639,0.024163571065374,-1.41869682981203,-0.631235799094056,0.0241633972000261,-4.72409016531986,-5.78811541265475,-3.14114102382617
19442,pre_switch,unknown,0.632628999148882,-0.31001242879937,0.0473133818948206,0.953835499139174,-1.25403394644905,0.0473074653120129,1.07301893727838,0.584639464864656,0.0473128926719682,-21.2354343703221,6.7267981856433,6.49470146453926
19539,pre_switch,unknown,-0.595981633651741,1.29644757529659,-0.0400304175998672,-1.52799449317425,1.15300773956445,-0.0400309385021905,0.24797537524839,0.703333857019401,-0.0400295289618634,30,-7.67087381021132,-9.15006429999635
19542,post_switch,unknown,-1.87051267936094,8.16858871631985,-0.659862930692756,-6.78705366180564,4.93768447417707,-0.659862470303034,4.45966599221709,6.98981398819098,-0.659862854738689,30,-7.67087381021132,-9.15006429999635
19548,post_switch,unknown,-0.205970718771077,0.044738510943929,-0.00359240950086226,-0.184972078490005,-0.101735490847666,-0.00359244164866911,-0.111462007943322,0.176255916935557,-0.0035926078249824,30,-7.67087381021132,-9.15006429999635
19591,pre_switch,unknown,-14.7099649740156,14.4955815861459,0.0102446106906641,-14.5908971761284,14.5722967444438,0.0102440303869242,-14.7757889437113,14.5239143756382,0.0102457336379981,-27.7439641011934,-14.7430905116485,-7.92347118376254
19812,post_switch,unknown,0.437048424498556,0.43928049084949,0.00104981967844066,-0.00535089955093465,0.624993113748707,0.00104811076339005,0.618552230518556,-0.00486190853156663,0.00105018092500504,22.5812306000738,-2.83092075505086,-5.20480236084409
19846,post_switch,unknown,13.8697135526114,-23.4653441997394,-0.597113854661078,26.3714529732822,-6.71764604534909,-0.597119526919001,2.51323458270799,-21.2688144508997,-0.597121295015866,11.264063274413,-5.53447059081418,-5.18792868174525
19980,post_switch,unknown,18.3235821462203,18.1765634833511,-2.20588684429641,-11.0539973436654,-16.7237052092033,-0.672235465604781,16.4671866420562,16.059430965112,1.88705186056263,-24.1331944846749,14.9005727454204,11.7537535860794
19993,pre_switch,unknown,-1.15434232707958,-0.927608900271849,-0.0125454969268395,-1.27307865794005,-0.53077410489069,-0.0125461232193153,-1.3509819293378,-1.29217470728595,-0.0125479884640416,-21.8058839178563,-11.5368775698523,-5.97552148077614
20169,post_switch,unknown,13.3406801194445,10.7437086297078,-0.038856299916878,1.81325859902902,16.9758434765714,-0.0388562273179733,11.3237305083255,-0.552532652498851,-0.0388544861358051,10.2807660374249,10.1959827350126,4.86115907484314
20220,pre_switch,unknown,-2.6535696574754,3.48641759684986,-0.11110859931332,-2.13300518919686,3.38835150486573,-0.111108340542839,-2.72902213196663,3.71215068136796,-0.11110633561003,27.7831195873562,5.86905076756492,-2.09359950249683
20512,post_switch,unknown,-10.6135812518449,-2.19697015976658,0.233634330125778,-7.26788826531899,-7.20420665806615,0.233638322139939,-9.01135854488126,5.95798042054632,0.233634938407474,-1.88402396784414,11.2060326836012,7.6912744655633
20840,post_switch,unknown,0.123506004606598,-0.26981375765212,0.00336930417563874,0.277481949772211,-0.10280044763636,0.00337127707428202,-0.103468899011224,-0.279034411102123,0.00337128369741413,11.5563758039228,4.59335064546373,1.71915212335003
20964,pre_switch,unknown,0.690240331988035,3.25224201721746,0.0565423401079404,-2.18199174778689,3.07388071246203,0.0565439873941601,2.8473477121794,1.34738184799903,0.0565435979475332,5.37482566178675,-6.16318032693468,-5.0471578991499
20997,pre_switch,unknown,-0.40233208169275,-13.7111449363312,-0.257182182156301,-0.560316743823195,-13.6504413235034,-0.257174519815584,-0.362630192930857,-13.8242641927162,-0.2571783593715,-15.5182966284351,-0.554675432002546,1.62460854532372
21208,pre_switch,unknown,0.765872751057826,-4.60415497882873,-0.0642490864155664,0.57095134556553,-4.98344522566323,-0.0642501202145347,1.19998257308839,-4.45620033539716,-0.0642431253347759,-29.1391508602226,-4.81548756796767,0.730443975715679
21262,pre_switch,unknown,11.0887512843553,12.4940416510945,0.0116240276025993,11.1473872991868,12.560335689405,0.0116263072217111,10.9725761990502,12.5164667507992,0.0116268878094375,11.0577309038938,6.08379661620414,3.32301622406981
21433,pre_switch,unknown,-7.89264038106439,26.3892798721969,-0.666642094381396,-7.81363545140311,26.3989017438533,-0.666634701731055,-7.95530971461604,26.4383414283954,-0.666635244404226,-7.86475351197061,-12.2504680052056,-7.68982859383565
21482,post_switch,unknown,1.01537736704584,-0.00662591382488172,-0.0325414914804532,0.706326183327649,0.699074174073431,-0.0325418623130973,0.734902241204921,-0.724164577950061,-0.0325451411907513,-18.2032729543007,-10.5909766928011,-3.03092922923417
21496,pre_switch,unknown,3.97789815736462,0.777647710642496,0.0596910991970445,1.80590233836961,3.67317591786878,0.059692559278328,3.47300071901774,-2.78113954250697,0.059691780291896,-21.1425671640928,-15.2601241568917,-7.6666455102661
21564,post_switch,unknown,0.136689184525984,-0.00369038959845749,-0.000444204584364813,0.0993871930687644,0.0944288849605646,-0.000441243750922097,0.0936873556199022,-0.0994485315050841,-0.000441806486995789,-7.91850432869536,-3.71716149457657,-1.3383309692899
21572,pre_switch,unknown,-0.121666909613171,-0.182886599743263,-0.039247016878226,-0.120123714946011,-0.940554747169747,-0.0392470395533478,0.412993870254006,0.353954646715073,-0.0392454453219219,-24.731036098729,5.03044929247857,6.76103168087237
21756,pre_switch,unknown,-28.429386982674,-3.61570884040694,0.36321347262673,-28.5128854071133,-3.57181242752152,0.363213331125738,-28.4013837733319,-3.7057898720179,0.363214483377162,-28.5241215088596,-15.1909269159719,-7.85677403477459
21878,pre_switch,unknown,1.13244760762613,-7.41477770516261,0.54919106872544,6.14880880500919,-4.33521692319231,0.549187966130871,-4.59215365524965,-6.04528412425188,0.549180544356056,-5.49528314548883,-7.39833085818961,-4.89554584212977
21911,pre_switch,unknown,1.34205777337712,2.12195931001625,0.00206429064529389,1.26520643220797,2.29510988298026,0.00206501736791168,1.27396341448383,1.94518152750937,0.00206472620906893,7.95325595106009,3.92716640331159,2.04462341039836
21928,pre_switch,unknown,1.22370250309449,2.20086775768537,-0.0829419371945289,1.1107264930879,2.26382069948238,-0.0829411351346735,1.25907388214029,2.07646596696411,-0.0829419617545361,2.72354035231278,1.09121934689481,0.496208724318303
21987,pre_switch,unknown,-2.04967474660015,-0.710417194028774,0.107032572511272,-2.26216831001292,-0.164188239525841,0.107032131859072,-2.33656031723066,-1.18203289545945,0.107029275351346,16.5094258810388,-3.8884714733236,-4.65347539389435
22039,post_switch,unknown,-0.164565535494849,0.10977475915975,0.00274950712704652,-0.14098942725704,0.0246171878587232,0.0027487120304451,-0.0367298590272875,0.193614513513004,0.002751402340874,25.8159947982028,-2.20002028385649,-4.98201062815157
22077,post_switch,unknown,0.0214350263611881,-0.153726276742977,0.000789061009191934,0.12482563800567,-0.0921633316771523,0.000788555500702143,-0.0952051164417693,-0.12414914465859,0.00078880409465441,-18.0547269305648,-17.1052107910237,-10.0801795308749
22151,post_switch,unknown,0.857314013515093,0.219939338978076,0.0108645653110042,0.466878277287529,0.752153753275502,-0.00491397509188725,0.818031713370198,-0.236837628163055,0.0174928566884115,-30,-15.7460657821699,-1.58439283876698
22535,pre_switch,unknown,23.6625515972932,-13.0139758913055,-1.5647710516592,23.5935851609398,-13.1460335517183,-1.56534565303171,23.8053149260058,-12.9751791521019,-1.56541785510702,23.7871022744412,7.21760517538962,-1.16373091201574
22628,post_switch,unknown,0.0296168752821629,-0.099623761747848,0.000485146417633287,0.0902112798501545,-0.0495418019456565,0.000485657361707779,-0.0418570610021511,-0.0802363136618416,0.000485238659739683,23.9945876424595,10.1831693537849,3.59950617444516
22632,pre_switch,unknown,-3.72732876172709,-0.56511280164693,0.0990004725276174,-3.75550313989024,-0.445762395560082,0.0990005778291463,-3.79179744250607,-0.669432470315246,0.0990003218690447,-7.74661223284661,-6.71549201150471,-3.88548444937598
22641,post_switch,unknown,0.116343759861993,3.22323380818018,-0.154115267542743,-2.20666064873607,2.35391114857519,-0.154114368613494,2.37365476999172,2.19532390694401,-0.154115072350103,-7.74661223284661,-6.71549201150471,-3.88548444937598
22648,post_switch,unknown,3.86662619054376,-16.4274698765304,1.23940213563066,3.82338551985677,-16.4585937912721,1.23939858285164,3.91921030827912,-16.4360378210125,1.23940161852022,3.88257506154039,-7.78364333326153,-4.9920481106084
22772,post_switch,unknown,7.28897619381859,-12.1699489224801,-1.22983951413602,11.9249248221066,-5.4185090357052,-1.22983811488089,-3.49698091205452,-13.6896616059975,-1.22984084949756,-4.6512929973957,10.247872852982,7.28432134360646
22850,post_switch,unknown,-3.80241606783921,1.3880533221776,-0.244004274858847,-3.67995848579436,-1.7080649263449,-0.244006375162852,-1.69972620248355,3.66392289522906,-0.244005588117199,-8.75369203814125,-1.89269618595001,-0.212437967040802
22939,pre_switch,unknown,-1.68208442827915,-0.130738314125738,-0.00816461053757165,-1.92092538753032,-0.666694784995795,-0.00816624425427453,-1.11700457957574,0.0828284286941206,-0.008165697976271,-25.8417047756034,-15.2735973807705,-7.7536026232541
22967,post_switch,unknown,-0.259159308305616,-0.726830646935387,0.0287869397475803,0.330593720192867,-0.6955146059219,0.0287874635787905,-0.698322194480763,-0.331955121493429,0.0287858531727203,7.16640097406453,4.73175628666958,0.647706995835316
22989,post_switch,unknown,-0.202233719118316,0.0516483976904108,0.00371698772239501,-0.182403395428775,-0.102316691058446,0.00371814182999514,-0.105099353246449,0.179090015279311,0.00371646277262737,6.81863888949403,-13.0384636744277,-8.71240586810214
23128,pre_switch,unknown,0.25835561923703,-0.0639773116915588,-0.0455771991586739,-0.230734034736931,-0.567629467176629,-0.0455780291740463,0.960328544437761,-0.0536810669599625,-0.0455776944488474,-12.6379186551101,-1.90868837856311,0.993019153214208
23130,pre_switch,unknown,-1.23218412622519,2.49434825993995,-0.0337718713149984,-2.75456841521736,0.675176919681552,-0.0337696769226271,1.13065657300218,2.70420962069093,-0.0337699597925213,-12.6379186551101,-1.90868837856311,0.993019153214208
23137,post_switch,unknown,-1.62737166901952,0.397522169070229,-0.0111704542321533,-1.43064252796388,-0.872876777437834,-0.0111691346429541,-0.868174752922343,1.43493935355627,-0.0111697333326264,-12.6379186551101,-1.90868837856311,0.993019153214208
23303,pre_switch,unknown,-1.11218427937112,-4.13091925570429,-0.0365522071012735,2.05591223024125,-3.52759130746548,-0.0365510262029416,-2.95838816695436,-2.74816528013129,-0.0365507150349124,-29.7291782670356,-18.0320661302489,-9.97087942219897
23315,pre_switch,unknown,-0.940724976959944,-12.9730885715342,-0.699141884682619,-1.03144991981621,-12.9777032949525,-0.699144159574115,-0.873409440378559,-13.0339283769741,-0.699147466146733,-23.8077112637729,-0.980526593114397,4.16506206726535
23417,pre_switch,unknown,0.653294711141864,-1.33650595170664,0.755506357366059,1.55274222576018,-0.543895368713132,0.755503319501204,-0.54318141229955,-1.26096114243574,0.755504147425175,-0.777513156098013,14.7478353536083,5.52873909847577
23433,pre_switch,unknown,-0.588949199372928,-1.17270637415989,0.00166463232520068,0.990441455776089,-0.897923170944502,0.00166435513504199,-1.90004417121602,-0.250203869412853,0.00166446761257735,10.3175192562751,8.28619626844881,1.55435548652918
23565,pre_switch,unknown,-0.464269609218225,-0.591893776791433,-0.00733171240224653,-1.31340683953998,-0.650876598259904,-0.00733144676659694,0.177869796281225,-1.15061845803489,-0.00733199180677078,-18.0366808233666,-10.3232352334457,-4.00747335742042
23596,post_switch,unknown,0.276046479860422,-0.0391332419159938,-0.000435634778238508,0.152755445343902,0.0719486164763933,-0.000435536868849657,0.166701101547286,-0.222623621544711,-0.000434538706030122,14.0474486771586,10.676032531554,4.14358017435417
23598,post_switch,unknown,-30,4.71483743027417,0.282701313718811,-30,4.76876796863386,0.282705167438694,-30,4.62563069806886,0.282703356431315,-30,-17.493177731749,-8.93345323931436
23697,pre_switch,unknown,-3.1195399480653,0.801779519082278,0.0586719244732815,-3.36413378195034,0.953731865458069,0.0586725184768101,-3.05403420257352,0.521382648993338,0.0586706666977026,-11.2513000885526,-11.3280385944551,-6.39459460244386
23763,post_switch,unknown,0.706486232623516,-1.45651599341991,0.0685913942346987,1.54126117902947,-0.517920044914033,0.0685904508204904,-0.547484144377635,-1.52991272785587,0.0685906593924205,1.35274892577969,-18.4419313962212,-8.66219166479798
23824,post_switch,unknown,-0.00832091578465121,0.0255282326408455,0.00040336011671649,-0.0234352081557571,0.0114489171172617,0.000403417238239477,0.0123190837581586,0.0247963149911762,0.00040347246263432,12.4671697980671,11.5973568137546,5.83314636725876
23882,post_switch,unknown,0.284190544108194,0.170330388791492,-0.00195667436702949,0.0788933259270972,0.32124831603386,-0.00195630931627114,0.266663423022922,0.0343717600896336,-0.00195614753620685,-24.5426846008015,-9.02429984858175,-3.78056825520665
24051,post_switch,unknown,-0.352458516600941,0.380034441168184,0.00732753239184244,-0.515947434985159,0.0235267465237611,0.0073266821231334,0.0203454784984892,0.51711382716054,0.00732677952163071,4.19696733593438,7.97693567559173,2.8904118614899
24166,post_switch,unknown,-0.277468506711824,0.435137961980273,0.00215429991282093,-0.390792406581414,0.243963808054977,0.0126554085876373,0.109012179554542,0.505455874080615,0.00749272979149815,-25.0238753324292,1.04561804654489,4.09036866859757
24169,pre_switch,unknown,-12.7769441368564,-10.5162284851682,-1.15009898370057,-12.9019816862773,-10.4781073787274,-1.15009964972903,-12.7154835768939,-10.6316005384826,-1.15009431874513,-12.8854787009271,2.42028619223606,3.36560786778599
24274,post_switch,unknown,-13.8771585109579,16.4864530017079,1.42927561211921,11.857420942625,-2.29403938464872,-0.241349013673106,20.6817565744551,-5.81404650709004,0.409703238190371,30,16.7030483013823,7.56305251729426
24402,pre_switch,unknown,1.35735507266908,0.306090683228601,-0.0148441688023427,0.4707790196841,1.48812006025194,-0.0148477521114835,1.14843743235026,-1.15663537781999,-0.0148464072671535,-7.07465722909835,-5.28424006034296,-3.0988569386374
24530,pre_switch,unknown,27.4705040826744,-2.9955496818429,0.383326936337467,27.4718700858069,-3.19632867167484,0.388920282001018,27.611325166353,-2.94707649250758,0.387465342247521,27.712588183514,13.2974715081374,6.4863215979315
24647,pre_switch,unknown,-5.36488511582657,1.04887082153728,0.0489147704850107,-5.27233311335367,1.41717296211038,0.0489148342048106,-5.64850679148191,0.863724370512206,0.0489183489640449,-19.8031174259969,-19.5592894116055,-10.862495650218
24676,post_switch,unknown,2.12940339770898,-1.99653963014453,-0.00687955908683676,2.91426597908586,-0.190369565953149,-0.0658946093137576,0.0169743348476894,-2.9185493287784,-0.0208844025773328,23.7182698496554,10.811666923514,5.34260077487878
24709,pre_switch,unknown,14.8441227164399,-4.38637145511164,0.178201206739461,13.5386375448918,7.51061749217331,0.178201144985327,7.84209268944403,-12.8980402955669,0.178202079627156,12.9788103169158,-6.20059306170047,-5.63419661363308
24817,pre_switch,unknown,4.2081674338588,-8.89104872048142,-0.311391836008572,4.04676131168385,-9.21719576856928,-0.291719846840563,4.51811480617759,-8.8004484099019,-0.297865453105676,-30,-4.71906635704952,4.4905667652134
24830,post_switch,unknown,-0.51697572447163,0.757472809710045,0.0237740430707359,-0.658181524048894,0.356114084574685,0.00154735828389781,0.195723394401132,0.892910676455529,0.00754167343942123,-30,-4.71906635704952,4.4905667652134
24870,post_switch,unknown,0.373374745143741,0.359308660627096,0.00137711174414389,0.0105067939932511,0.52091472612896,-0.00559631604777753,0.491238781285667,-0.00912776957380348,0.00369019427807443,15.8800654896684,-12.4996663695966,-7.70612862153019
24871,post_switch,unknown,-30,-30,0.105649771960007,-30,-30,-1.18979112603335,-30,-30,0.103189982313049,-30,-25.9310771504465,-14.5372089830693
24904,post_switch,unknown,0.0483610113435183,0.352225020246025,0.00364758753929685,-0.21423787536738,0.288208264558077,0.00364774682147933,0.279313785203612,0.2118063412361,0.00364777560547696,-7.69345204063037,-9.37151552534318,-5.39607301975767
24922,post_switch,unknown,-4.22161149093196,-3.27547258477326,-0.123894854099837,-0.352514622801242,-5.33145669822407,-0.0905793915722664,-5.27095505252368,0.0211296741454696,-0.0521160854554433,17.7992363267059,15.4819796924642,7.31813379191698
24934,pre_switch,unknown,1.6960173774121,-0.0018392411547332,0.00818967762455267,1.26813537230615,1.33414953190124,0.00818925481058932,1.0538887717763,-1.24909177231587,0.00819168840911299,-1.20654584662387,-1.1868747372203,-0.754030440214358
24985,post_switch,unknown,14.4511115850251,-4.37340585623332,-0.834567987588009,14.4558144627899,-4.42083774368108,-0.834568790774152,14.481325450945,-4.33654233031095,-0.834569695436022,14.5107135831797,7.05795866363466,2.81039230349271
25020,post_switch,unknown,0.135677882660525,-0.387546529396942,0.0112119905942117,0.370949296007787,-0.17723332253664,0.0112098416014121,-0.179398374428149,-0.369902396837548,0.0112131455889646,-1.72048299746884,8.46038107951048,4.72123981012968
25050,pre_switch,unknown,-1.02264125638994,-0.85605235620154,0.328433819625529,-0.386673057373952,-1.27762788282502,0.328436171295931,-1.00784150345382,0.233788208844284,0.328434461861509,-29.385880745801,1.40674427232641,5.34771287705727
25127,pre_switch,unknown,6.88430592009435,-8.95357152182974,-0.454466219529579,11.2504462991867,-1.40616006174946,-0.454464503303799,-1.53983150803972,-11.2030664329168,-0.454462315212812,-12.8675385987628,-5.31591937491272,-1.57997072715804
25223,post_switch,unknown,23.7093013654682,11.7933383759819,-0.470739689204518,8.41244743590685,25.1603231579951,-0.470734803624857,25.0739544387569,-8.47511526127912,-0.470733442911804,-15.4581676891938,-9.97795340623238,-5.16749277950074
25416,post_switch,unknown,1.0385248531433,-1.38187846828624,-0.136929314174219,1.26231592237197,-0.748079103571708,-0.13693005670542,-0.260952815326091,-1.70313874623057,-0.136929311030268,25.6428369803025,-8.22138539930093,-8.79131572053049
25586,post_switch,unknown,-1.48792834909321,1.74714306323141,0.053377702890366,-2.29383205060363,0.21851176167095,0.05337631017071,0.187501130759205,2.26144100456711,0.053375856955538,-26.6745256096387,-13.2677315671243,-5.06796099788308
25607,post_switch,unknown,1.41342353778894,-0.713182049372471,-0.0366720342005277,1.50166835510332,0.49935468582391,-0.0366722514255778,0.493635216065824,-1.50817602948054,-0.0366714263724854,10.1387282308768,7.59902165255182,4.48193624750717
25633,pre_switch,unknown,12.8053899864444,4.10849918256849,-0.00244665593020804,12.919807371649,4.03387461480813,-0.00244701230750038,12.7772373395292,4.24210617817043,-0.00244643533826326,23.8824815841939,12.9526144080348,7.02768979093642
25655,pre_switch,unknown,0.464678159339931,1.09676825814959,0.0142420353307588,1.49440681364473,0.584730241437899,0.0367821174993821,0.214225418924484,2.13568982543697,0.0326820015749585,-27.9015291495434,-1.3950453520955,3.28736333739426
25674,pre_switch,unknown,1.32804926359686,-0.13214970795881,0.00410225485254826,2.18333872192522,-0.269303581520999,-0.000960999698722557,0.64408412818518,0.928522275238407,-0.000524039845776881,20.4746648738119,13.0858657322739,7.48055883008655
25703,post_switch,unknown,0.404155797728752,-0.274108932311468,0.00841172391672055,0.480391860361795,0.0933154634872362,0.00841052640124841,0.09043884700879,-0.48001137026962,0.00841165625633696,6.37218772067873,-4.90911875423953,-3.1070493275589
25711,pre_switch,unknown,4.16252056597096,3.75538858164693,-0.078524344872049,5.57355521920981,3.33671566406737,0.0297669614401239,4.54398810942373,4.57351891317965,0.00667275018101749,30,19.0240301456648,10.4009326522689
25728,pre_switch,unknown,15.3818164062,-1.59978532368949,0.438641477997994,15.5089456543223,-1.53697939251965,0.439361971173644,15.2861025480937,-1.40271097297042,0.439364502425112,16.5091135150543,15.5789113217097,7.33504246070243
25740,post_switch,unknown,-0.446850646428848,2.86258864677371,-0.0531189782432205,-0.686803559199521,1.46018741241772,-0.062175532829462,1.74577329659635,2.30497820139125,-0.0621749339771599,16.5091135150543,15.5789113217097,7.33504246070243
25789,pre_switch,unknown,-0.759746645542337,0.151493041117442,0.0149329939067283,0.0544421598131058,0.663148896344364,0.0149346084416381,-1.57034482973867,0.330338379648933,0.0149342572000819,27.6551709668925,10.3609794745101,-1.62658498922914
25834,post_switch,unknown,-3.00009516069994,1.25725770405897,-0.0165518893256811,-3.12769096008893,-0.669860717738654,-0.0165527074819272,-1.21368909772247,3.01583731736178,-0.0165528412062972,-30,-7.49254429162057,-0.710395814044698
25850,post_switch,unknown,-13.1939518670628,9.89139576618991,1.90734386420664,-14.9777660864777,0.226891201199719,1.9073395308737,-2.27177814896545,16.2852224335212,1.90733846370584,-22.2176329926113,2.53165002361078,4.97064477690898
26068,post_switch,unknown,8.67232334912952,2.77332651242078,1.48793149973428,8.69088957263693,2.75138528560226,1.48793154098935,8.67471209325368,2.80197211341047,1.48793328947222,8.70809487093526,1.89832509855167,-0.6198512129156
26084,post_switch,unknown,0.0722914592554103,-0.762010561668778,0.00171818997600553,0.590592776966227,-0.486291466096074,0.00166602440047304,-0.315762910511206,-0.433645230524633,0.00171728742520288,20.60830697994,-2.73797256058486,-5.1043505670593
26122,post_switch,unknown,0.942793918216034,0.126215136130248,0.0016472609693581,0.576417432704786,0.75510982051049,-0.000266065822542502,0.75194768237254,-0.0480889142075511,-0.000265815126722044,-29.9057218322414,-17.2649518005236,-9.5968704668624
26192,post_switch,unknown,23.1726048369998,7.25926722609135,-0.0751296709933098,11.20250364481,21.5428879930865,-0.0751260978358722,20.9096203891795,-10.07284478278,-0.075125875696315,4.44436022245967,-3.87052212859471,-3.34226484407569
26219,post_switch,unknown,-0.0132850967351634,-0.155784288358171,-0.00122429977350888,0.0587153763638059,-0.126180655940384,-0.00123002699708987,-0.119974419427026,-0.0992012831962164,-0.00123008538738731,16.7162666551956,10.0302813782113,5.66196582579844
26280,pre_switch,unknown,-7.14007303550257,-4.29894995286295,-0.0910198363806442,-7.36412883109051,-4.22607872366025,-0.0910188165899242,-7.0331707674803,-4.50885438246355,-0.0910122074345065,-28.8382988053572,-14.9830445525395,-7.34003502781142
26291,post_switch,unknown,-1.21306439726745,1.36077429929197,-0.0166496441418832,-1.82548628960968,0.0986836412756942,-0.016650677029198,0.112432480061354,1.8201639545294,-0.0166514421718374,-28.8382988053572,-14.9830445525395,-7.34003502781142
26453,pre_switch,unknown,0.392332944777802,-0.519463270909917,0.110970291658824,-0.565727004544116,-1.11391835771409,-0.0404611102108085,1.60373564746849,-0.833204257106601,0.00327414517217604,-16.2887217340171,-9.49530270310725,-0.640419081254868
26541,post_switch,unknown,0.253285821390418,0.387893787987629,0.00141475588245781,0.0713649158046018,0.291720328484456,-0.00315283647410368,0.452631488919768,0.0919822213324841,-0.00153474684701572,-21.402672411966,8.36491295002234,7.39669330704447
26677,pre_switch,unknown,-17.248685959648,30,0.477183861969398,-17.1363159059622,30,0.477180450434714,-17.2943335963578,30,0.477185235000712,-17.2300072842368,-0.189437844009819,2.06420413548956
26730,post_switch,unknown,0.653945033407492,-0.509761099160375,0.000757216488552718,0.822857919330337,0.110394405690278,0.00587629145577306,0.0737507852717416,-0.665432862636108,0.00169825587098141,8.12807436104469,-10.6815359805426,-6.5183231585717
26821,post_switch,unknown,5.94788703148713,-4.33901008949778,0.0577149671188856,7.26491548348914,1.15490309146669,0.0577164695339824,2.03359839962996,-5.84078445058888,0.0577162904203258,-12.6322686445616,-11.3853490005437,-5.47567440383465
26882,post_switch,unknown,0.832094412578385,-0.180062757252154,0.00710582062217978,0.745549210617417,0.371977687938574,0.0146395255447188,0.520764756334276,-0.69695926735125,0.052263692626504,24.7702341558837,0.343035293819058,-3.05961031423223
26928,pre_switch,unknown,-1.2612733218082,-0.326581565400951,0.00596257182086654,-1.72474520938257,0.15558852282725,0.0059592148353088,-1.27449268859323,-0.995251458474459,0.00596232937610651,-3.11589425403723,-9.88569999217263,-6.58571851331833
26945,pre_switch,unknown,-4.2650150506301,1.14015413009242,-0.0789666629780912,-4.28357018373615,1.16257419600974,-0.0789670084191297,-4.26774862267826,1.11118162751594,-0.0789669177451265,-9.29670834218149,-7.37976810076129,-4.30135430487437
26960,post_switch,unknown,-0.00319774311433352,-0.0392393574314385,0.00162139164721659,0.0261914165600956,-0.0301931653521191,0.00162042476298923,-0.0303747460949532,-0.024854289520352,0.00162058020243753,-9.29670834218149,-7.37976810076129,-4.30135430487437
27089,post_switch,unknown,-1.14135853163712,0.643155397620903,0.0614152995389331,-1.26187796976047,-0.362948331045371,0.0614148202417787,-0.344717786256462,1.26934297711594,0.061415937556892,-21.5130053624354,-20.4839965837476,-8.07165728942301
27149,post_switch,unknown,-0.13739309461024,-0.47686919756854,0.001501552540775,0.0803870933585208,-0.337684950860497,0.0023299163342507,-0.440582758661819,-0.234061439480039,-0.0081290610971488,4.22186436549296,-12.9005938150486,-8.05828733268318
27222,post_switch,unknown,1.98523440160046,1.94268195070382,0.0207011341522854,0.525878568282082,1.95724788640613,-0.0139754011962387,2.7590290090484,-0.199152044768701,-0.0139770585145223,-26.5581650983186,-12.3971502387932,-5.94951258109179
27242,post_switch,unknown,-0.335693295492007,0.511351080105846,0.00629879991341337,-0.489755630266162,0.289897703477151,0.00629996683992898,0.125126498048127,0.593742187913914,0.00629960803487425,30,10.8338507200943,3.55120851712088
27249,pre_switch,unknown,2.28049333230492,-0.867355191567695,0.0754931836450339,2.2124615427868,-1.122193259958,0.0754934671847335,2.50879974318396,-0.735259983854203,0.0754942155735779,9.21703658196344,4.9793642804097,2.55409905065197
27333,post_switch,unknown,-3.42754425923113,-7.13688652791007,-0.457009779898502,2.65148351187187,-7.49126000143736,-0.457006871811806,-7.47545303409907,-2.58780132725058,-0.45700998900044,7.61673968911174,10.8897747163699,3.87878279421349
27411,post_switch,unknown,0.452961113530313,4.42367222589964,0.0873537318238276,-2.8138963479664,3.44085929933994,0.0873547979282384,2.81962007260422,2.94469375061938,0.0873568600948715,12.3128082270027,8.68116827912113,2.04297532430537
27457,pre_switch,unknown,5.67721677874057,-3.76754668115449,-0.0752990990325409,5.66961351779501,-3.68766139539973,-0.0753002578380521,5.62609842685776,-3.82941673966008,-0.0752996121397003,8.89413790011947,5.57698148065665,3.17237579558134
27472,post_switch,unknown,-0.0654806365193129,0.142104849137363,-0.00192780947558596,-0.146350130476057,0.054437042205129,-0.00192863694556182,0.0536907468285941,0.146912949879707,-0.00192798032930676,8.89413790011947,5.57698148065665,3.17237579558134
27487,post_switch,unknown,-2.44044669797872,5.34746301727728,-0.0480855334628822,-4.71796960808132,3.53814193484179,-0.216458162806613,0.97768416390368,4.42779578226608,0.0214679110672312,10.6745832565566,12.7712429927975,7.59517137209451
27636,post_switch,unknown,13.861463046879,16.2552340483637,-0.670363215736,-1.72209199817513,21.3334999563547,-0.670363404290002,21.2898203875316,1.64513744571426,-0.670363315503138,-4.20226732083248,-6.50122207757774,-4.13191860224823
27646,pre_switch,unknown,7.64037476730035,-19.4984971545429,1.03510131176872,7.58247301882836,-19.5883270900785,1.03510401623725,7.74483689288795,-19.47592020958,1.03510655508393,7.71985673065072,-7.01846455256558,-5.52209464806014
27669,pre_switch,unknown,-0.0598268422025673,3.39559861624465,-0.0104575608074432,-0.145659128879481,3.52594030120073,-0.0104570714425719,-0.329300962432571,3.20799041435205,-0.0104520436340905,30,5.70074084980587,0.251581195327477
27690,pre_switch,unknown,3.5239570560666,0.967491858624323,-0.0924878937735229,2.09927133734704,3.05996650476184,-0.0924843317792118,2.79959506302077,-2.40249728606489,-0.0924864360935175,-22.5212984402447,-18.958244301701,-10.5680359119037
27710,pre_switch,unknown,7.5633659793822,-0.537979651487036,-0.176509046510508,6.51927634007194,2.82696053717275,-0.176506644308054,4.64305847298374,-5.8077814776609,-0.176506884175158,-29.0977018165416,-15.2676730486796,-6.35891964604541
27747,pre_switch,unknown,2.67191015438901,-2.18117333933408,0.113508332372092,3.50481705113454,0.645260025289924,0.113507976948839,0.0843722248134855,-3.59080649176059,0.113506357893343,10.6465129870139,-2.38235515640868,-3.03107779622776
27874,pre_switch,unknown,-1.0098724938784,21.718210237714,0.692591143953835,-1.00829118184091,21.8143364752654,0.69258900498942,-1.07960672168189,21.6507138051008,0.692593941463912,-1.12621674167041,7.07706970825396,5.15707528028002
28183,pre_switch,unknown,0.0316810399416805,1.86381074697358,0.0268699956355158,-0.588341756832863,0.601335232167982,0.0268718140205488,0.654427436694453,1.71772888848382,0.026871861943662,26.7599979560646,15.3041679454522,8.03968123171449
28199,pre_switch,unknown,-1.36040843597047,9.52846829790921,-0.104376721146838,-1.14590687986257,9.60230662119657,-0.104372533445215,-1.5642992097117,9.62792988115552,-0.104373004617742,21.8862622045663,2.07538627709968,-1.34225862499669
28406,pre_switch,unknown,-22.7992268581275,-29.5272485659518,0.0231991080847246,-22.8339319104465,-29.5591404220762,0.0231980266436285,-22.7318393839968,-29.5495341867978,0.0231991210543003,-22.7924357277893,-12.7459872087335,-6.99906377538433
28410,pre_switch,unknown,-2.0917422214206,-1.81656997125459,-0.0095145240000237,-2.35904712617471,-2.04682292754549,-0.00951394588936282,-1.59294428094522,-1.99948523935752,-0.00951407757436123,-22.7924357277893,-12.7459872087335,-6.99906377538433
28453,post_switch,unknown,-30,-20.5841813613298,1.021552319633,20.4856161619527,-30,1.47366891081932,30,9.99606418487458,2.98454680700581,17.4786262455254,15.1442613492414,6.79978745043834
28492,post_switch,unknown,11.9124245971635,19.9947926407868,-0.105847664887923,16.2559001742011,-13.5092676028127,-1.5336721918596,16.9159537882879,-12.5275135153529,-0.76461171163639,-18.3947588355683,16.5487873411332,11.2376386350964
28520,pre_switch,unknown,30,12.1953565707519,0.203224032989014,30,12.2215517186473,0.203221546515426,30,12.2312746688772,0.203223445821115,30,19.0494682708069,10.4396817810261
28686,post_switch,unknown,-0.103210041753185,-0.295635169488263,-0.000544560498385851,0.138247440292356,-0.283487950681387,-0.000544311351728477,-0.282532476179188,-0.133489855299155,-0.00054272198540473,13.6254138581653,8.1109341709575,4.54689525227488
28724,post_switch,unknown,-0.57082596769991,-0.70571593097724,0.0160306164882223,0.0963884857836839,-0.904269425583925,0.0160322949878987,-0.902218024317184,-0.0935255061866867,0.0160313407161265,6.35134248687263,-4.48521304180374,-3.55093051131984
28811,pre_switch,unknown,-0.0239899940159769,2.96602075632598,0.0329269262456134,-2.66550420259673,1.90937355359467,0.0329255481024478,2.59100316901066,1.84535784862787,0.0329261076842064,-4.98061351031215,-15.2809039140231,-4.62835162800629
28976,pre_switch,unknown,4.33297014664223,10.1051104670336,1.1208319094381,4.38150376741747,10.1673650490471,1.12083015284581,4.25463422336744,10.0954122062837,1.12083096692191,4.2820918782912,5.99609073962638,2.97913120135453
29141,post_switch,unknown,1.38274213822767,-0.871975287685426,-0.0222134628567862,1.23605463800489,0.052816503463158,-0.022212830435163,0.360906704360934,-1.58993983829077,-0.0222115108592132,3.96315823985373,8.61627522921777,3.30987894880281
29143,post_switch,unknown,0.408456962661301,-0.239921453196364,-0.00388327935342086,0.357525796639314,0.0265895227905072,-0.00387954058402947,0.119058129900887,-0.45720767023995,-0.00388050900478356,3.96315823985373,8.61627522921777,3.30987894880281
29175,post_switch,unknown,-12.1290737121083,-3.12953658248497,-0.26881790402343,-6.31761472508698,-10.7431281752399,-0.268822203718806,-8.88475116493449,5.05861901560706,-0.268821498123962,-11.57786873225,-10.4725230595106,-3.53660701935447
29297,post_switch,unknown,-0.0918644576622586,0.383998504049208,0.00300996507490566,-0.261573158675367,0.236633947779611,0.00300804642673787,0.207726799351358,0.335627142907412,0.00300862679118035,24.1307237294561,9.40123895054734,-0.341313341475662
29443,post_switch,unknown,-3.71543348655407,1.21031420893742,-0.0108912156936747,-3.46633725966991,-1.76094630522182,-0.0108890130283053,-1.79057177045183,3.48744332112113,-0.0108898126348132,17.1859772455396,4.23025543245518,0.857584414713894
29492,pre_switch,unknown,2.06776208335281,-5.66043662454617,-0.125896678898842,1.52369845726971,-5.70337499803945,-0.125896490526684,2.14973680597894,-5.90478564000734,-0.125894936596646,-24.4187527621844,-15.4603575997679,-0.321167714961483
29639,post_switch,unknown,-0.172029945780373,-0.0275060802726495,0.00056617912272036,-0.103015288745675,-0.142272309425616,0.000566647397150954,-0.139678990714101,0.102447604745313,0.000566094498602638,27.3694901533955,15.304480845563,8.3958155613799
29644,pre_switch,unknown,-1.97309860049614,-2.10915809003323,-0.0923929256029631,-2.36585580366527,-1.98070241954797,-0.0923909677932781,-1.7861979613729,-2.47772547704606,-0.0923925296381507,-7.60574011942283,-11.5995013498113,-5.20472892269384
29657,post_switch,unknown,0.268858194077189,0.0196176191985064,0.000844261254951833,0.175875431653579,0.204779935199916,0.000844496033984741,0.20367844409778,-0.177061584760689,0.000843472282874477,-7.60574011942283,-11.5995013498113,-5.20472892269384
29888,pre_switch,unknown,12.0589772444277,15.5238447556535,1.64761570518137,12.1099657957325,15.4398689182432,1.64761440008484,12.0823005408847,15.614652885517,1.64761106842132,12.1858379168811,7.9074268770965,0.793719861254673
30028,pre_switch,unknown,-1.95858691013987,2.05748783452045,0.038347171631648,-2.06565080074268,0.816063017583665,0.0383475183163727,0.189690842987885,2.55760469997964,0.0383487285666287,27.8357404831106,5.04018019322479,-2.51885280397994
30030,post_switch,unknown,-4.76606481286733,8.50983388638865,0.198159693318985,-5.64215795347936,4.37608768663308,0.198161696276689,2.67213542951934,9.30056285469891,0.198157257187925,27.8357404831106,5.04018019322479,-2.51885280397994
30058,post_switch,unknown,-30,-17.9564292133437,-0.683827470462123,-30,-17.8491753621339,-0.68417215233049,-30,-18.1232826628538,-0.675105425537593,-30,-22.1918597754905,1.54597506744345
30066,pre_switch,unknown,-2.61260916769953,-2.55284037920673,-0.152359009296088,-0.376984550028163,-3.53512559179155,-0.152362416145368,-3.43378790005588,-0.0144246307105475,-0.152359586717748,19.505065292205,5.57580810316652,1.41369004622896
30081,pre_switch,unknown,1.58658596334414,5.4530691708842,0.0860800720482924,1.62332535689497,5.46133505324893,0.0860757679488571,1.55557067797635,5.47348021643968,0.0860767302313475,-30,-9.25898861033527,0.576947504559065
30082,pre_switch,unknown,1.09611547140311,2.8161984391193,0.0133322096361752,1.1635659260817,2.82460606720804,0.0133351914441327,1.04291288468157,2.858074327957,0.013333449334433,-30,-9.25898861033527,0.576947504559065
30094,post_switch,unknown,-0.0222818492190063,-0.00240153980187496,-0.00459158603056772,-0.0134893380578782,-0.0188047459746647,-0.00458864435614808,-0.0169001170402306,0.0154117772349674,-0.00458885055284603,-30,-9.25898861033527,0.576947504559065
30099,pre_switch,unknown,-6.12436319537477,0.493481165821986,-0.196540918094691,-6.15154489307912,0.633755260833923,-0.196539641565337,-6.20435040021755,0.375056981636507,-0.19654121732136,2.34487684679308,-9.90235458942158,-6.30730901643218
30104,pre_switch,unknown,3.4804929168841,0.0464197146379299,0.155860304168597,2.3119701157709,2.69080985751837,0.155864592569915,2.43689424513549,-2.64973706035712,0.155860273722975,2.34487684679308,-9.90235458942158,-6.30730901643218
30191,post_switch,unknown,6.12919132410063,-4.43028483454766,1.69133050968893,6.12367624037994,-4.45351312244612,1.69133035707288,6.14951821742094,-4.41775985346583,1.69133025365664,6.15447341439502,-2.79988740593338,-2.22437358595287
30333,pre_switch,unknown,5.97916990764956,-7.63126721113227,-0.686377281722766,5.9281415040874,-4.54675461343272,-0.686386430778644,-1.36933104412614,-9.51278352298297,-0.686390367226394,-26.7047115222756,0.950211911486785,4.24713411240427
30390,pre_switch,unknown,1.12301800656775,-15.6452168267513,-0.207670744358742,12.0294658192646,-10.1496842961926,-0.207679377053609,-10.4756610192327,-11.8186898043339,-0.207669961187696,-15.2337836872105,-18.2261023531276,-5.4113919884617
30583,post_switch,unknown,3.53529833374901,-1.591020024695,-0.172271359828883,3.62671613397052,1.36541483362947,-0.172272031042454,1.3801333567519,-3.61690537138913,-0.172271614382214,-9.95413002368283,-4.60361000136416,-2.22732829974719
30707,pre_switch,unknown,-5.87921972510384,-4.21148668506484,0.0368545017237981,-6.00612249396252,-4.31170315709513,0.0368555735740555,-5.69052761246791,-4.28559899130002,0.0368551797690586,-14.2426724718901,-10.0100787083688,-5.87434432325326
30754,post_switch,unknown,7.13290685671325,-2.55884766411275,-0.0609827979949884,5.8972952965286,1.53655276802265,-0.0609812147776733,3.20889881261749,-6.86033960286933,-0.0609826402389946,-26.4432460907852,-6.82217856023946,-1.25953437163014
30760,post_switch,unknown,0.384531878913136,-0.0940713973316323,-0.000650360499513478,0.298016693456277,0.111972004802409,-0.000652802569016945,0.204106030846375,-0.338938465734991,-0.000650903130905534,-26.4432460907852,-6.82217856023946,-1.25953437163014
30835,post_switch,unknown,0.137305797847765,0.238888727270685,-0.00356018806597276,-0.0730158603850979,0.266335533544289,-0.00355973110113517,0.266610657981989,0.0707561005337819,-0.00356270779469317,-29.8665681878532,4.4952885910529,7.48815301773073
30856,post_switch,unknown,-30,-11.1317576638448,-0.414452108919376,-30,-11.0680429876557,1.13754298734679,-30,-11.2851469746858,1.14812868008157,-30,20.6221970838627,11.3356541258958
30933,pre_switch,unknown,18.8033624569757,-7.59852152132117,-1.39996689082709,18.8114554916994,-7.53306549631282,-1.39996793666326,18.7160191731892,-7.59997795660915,-1.3999682589045,18.7533818512995,5.7420459172782,-0.212312127303784
31065,post_switch,unknown,-14.3998826200911,22.3162883590085,1.31857685240111,-14.3521920902578,22.3852474169191,1.31857483172195,-14.4823663851025,22.3012507631193,1.31858081731451,-14.4592781363154,9.82346187701132,7.57428886802172
31071,pre_switch,unknown,0.0903995096801454,-1.97389075374461,0.115368951637939,1.94672844126368,-0.631152129243448,0.14804388207314,-2.26961739243368,-1.1062817594998,0.49463662411252,-20.1625808689174,-13.2141996640383,-5.82456595753275
31176,post_switch,unknown,-0.0660812859671886,0.303711690114313,-0.00952093227715001,-0.19727258207626,0.20407135474952,-0.00951974578393389,0.16892356051388,0.259327236336266,-0.00952121216889714,-8.68781020445478,13.3454959194442,8.70184111090679
31323,post_switch,unknown,-6.63970406359898,-2.18047783064571,0.230680336773618,-3.15681997171643,-6.29270556820642,0.230680142185844,-6.19468384448483,3.1900053252195,0.230679341356819,-2.5191039678593,16.3765956765324,9.63510531687912
31365,post_switch,unknown,-0.172795756957945,-0.638126488977127,0.010262996222598,0.329662919893698,-0.572689177739666,0.0102632379686604,-0.574357382679189,-0.329106965782086,0.010261891299235,-6.16036649154842,-2.9140182426565,-1.44479055799177
31471,pre_switch,unknown,-0.715901009861114,0.142195621916948,0.145397303508868,-0.777907624759124,-0.189176054639937,0.14539635630338,-0.437739701186301,0.332665408046635,0.145396117757744,-0.0190735320368375,-6.94112468617545,-4.14301730861668
31685,post_switch,unknown,-0.647012583156956,0.347222913820479,0.0505306717590736,-0.688836966826027,-0.201520218330543,0.0505288514267351,-0.229416458021746,0.705672256081793,0.050529072334454,2.17701423446993,-4.4828451097774,-3.5512078670676
31738,pre_switch,unknown,-7.61351625063811,2.96541102954837,-0.219716322246948,-7.41250700115496,-1.51470766346987,-0.219714193353449,-2.9743958209267,7.55530602912461,-0.219717726542991,22.2058498538024,15.488178434177,6.32373549409395
31769,pre_switch,unknown,14.4951272543301,4.88284298023255,-1.33305513491154,14.524713987471,4.83088730064597,-1.33305469557842,14.5109447725908,4.94050110306672,-1.33305470957974,14.5726384305432,-0.718379234120576,-2.73058983806419
31815,pre_switch,unknown,3.91157049558253,20.4707623617749,-0.866476901253401,-7.08633254327636,19.5735925472523,-0.507138721907723,9.04106703879028,14.3807455446694,-0.851123563086896,22.0664532730429,1.01958715192888,-2.09187770036464
31948,pre_switch,unknown,0.0619210361363884,1.03029840362048,0.779620993186965,-0.858262176250515,0.686588555943224,0.77962549650807,0.955624510806046,0.622678496596832,0.779619379905023,-25.9939432834536,-9.93978097878285,1.20479197339031
32015,post_switch,unknown,8.19697018466657,23.625954920452,0.3490939009055,8.2471523037087,23.6330468912736,0.349095351218795,8.1379663088581,23.6784048539323,0.349094305075634,8.23077973753783,8.60595823850829,5.46129048310506
32198,post_switch,unknown,2.79034650010255,-4.39822051159272,-0.119503777791504,4.83559147170281,-1.35420376232654,-0.119503739931385,-1.15850521152936,-5.07223358525294,-0.119503841143875,18.0888386916855,13.2219846321477,7.55914463008313
32279,post_switch,unknown,-0.330455044879678,0.151876887285843,-0.00271411727751579,-0.341360516600337,-0.127531060031455,-0.0027175060461852,-0.125176729613667,0.341731357592514,-0.00271442342391304,-21.3023510581457,-17.1030008626116,-8.86608534359584
32314,post_switch,unknown,-1.11832771681885,-0.761192168235662,-0.0559801388100198,-0.24505386602809,-1.32831010829892,-0.0559812668120572,-1.3299925847523,0.234277822915148,-0.055977705147528,24.1365414724258,-5.80160509478294,-6.89187662546315
32335,post_switch,unknown,-0.241015002042092,0.231332424462971,-0.0016367569524146,-0.334516012502737,-0.00639301703666363,-0.00163433297623782,-0.00680341214742476,0.333311860961635,-0.00163668783448371,-4.6187738634824,-4.56965688498265,-2.56878370878422
32461,pre_switch,unknown,-7.38830015518309,-11.6102122103594,0.559787028611984,3.17444204460035,-13.4021124854464,0.559794562468296,-11.7798006780736,-4.00883748432592,0.559787187348093,30,7.31827300833352,0.717280302029081
32540,post_switch,unknown,-9.89087862171597,1.43121393668181,0.155201908527412,-7.08331314545717,-7.02802617110305,0.234903226036693,-7.07549622834098,1.42769938752513,0.349689630636959,-15.6461333306509,-12.952110199512,-1.56276894050566
32663,pre_switch,unknown,-14.4300217619335,6.92714514045916,-0.107923400677691,-14.4485457384223,7.25884652684892,-0.1024416417944,-14.6865885380952,6.8938331939189,-0.102439553730359,-23.2070332640246,-14.7580277639385,-8.37044712614091
32829,post_switch,unknown,0.175789014481767,-0.402663309386758,-0.00241470062756386,0.325130028257315,-0.15132833594985,-0.00241349547062678,-0.159960932492811,-0.408195003240477,-0.002413868151691,12.0770562335661,5.04269767453323,1.96662310715316
32854,pre_switch,unknown,0.257986045473941,-9.7607900165354,-0.216885045653457,-0.144545181041341,-9.68852594010426,-0.214351827486432,0.387716747773356,-10.1347568334017,-0.218475498230946,-30,-9.47948026795269,0.0180012298477882
33128,post_switch,unknown,14.0508436704465,-14.3953844883784,1.24431639149817,-18.8909318712317,6.75848854976806,-0.773173798289671,-9.9241618917593,12.9760314593268,-0.247477343457135,8.20934930487114,15.2294512913129,6.17670095655602
33356,post_switch,unknown,-0.36860749511849,16.1270081647592,0.428052872927158,-9.96734944788473,12.2092435423522,0.428057001939564,11.196460936617,11.6260122348107,0.428059020541493,27.5827719525911,19.6984200162316,11.2169213348235
33408,pre_switch,unknown,-0.879361075682541,0.787520153807659,-0.0123306235562689,-1.22139676466243,1.01000076586556,-0.0123292099892081,-0.779754208963177,0.282073222451908,-0.0123298871712097,29.6553193476078,-4.48327781962156,-7.21599876887691
33410,pre_switch,unknown,1.46830153725123,1.39153497236991,0.0358332427727385,0.306600248376796,2.14069588877982,0.035833431585487,1.81248858136517,-0.319470640990399,0.0358331041274424,29.6553193476078,-4.48327781962156,-7.21599876887691
33497,post_switch,unknown,-25.8083873271929,19.7142987535059,-0.493646502230912,-25.7820672245437,19.8133881974783,-0.493644263691871,-25.8970649623633,19.6628423193278,-0.493645334071459,-25.9148395795108,-17.485118338789,-9.60395380510743
33542,pre_switch,unknown,-1.89597924409275,2.69824166012417,-0.0860976335190276,-3.19531482138559,0.017678182397508,-0.0860953514912898,0.724554061276859,3.18985347955444,-0.0860968225744128,-2.35691404785368,13.5626953483295,8.29767735056529
33558,pre_switch,unknown,2.20623291681275,2.06388969137277,0.0517452890855903,2.6557509190455,2.46514086272902,0.0291089220291886,1.58517604483816,2.48786078947268,0.0338693982247006,-3.32160639818759,4.62454201410184,3.83095712573132
33670,pre_switch,unknown,0.105210891802863,18.4532585590291,-0.553143273820609,0.189935620289422,18.3649453074832,-0.55314192383619,0.111723830369068,18.5996946363688,-0.553147486317684,30,0.245918353372074,-5.18001753667993
33698,post_switch,unknown,-7.61952275753527,-12.746693122762,-0.0413689733238767,3.67120435078311,-14.4137362981758,-0.0413705613936009,-14.4245199126603,-3.58418080522712,-0.0413695461379027,-16.5531047016571,3.23041220332375,4.45266347819428
33705,post_switch,unknown,-0.189862839083307,-0.375992340817521,-0.000186304537743897,0.132933695332193,-0.400387348246707,-0.000186767420022961,-0.400863630504666,-0.130493710046558,-0.000182898131597335,-16.5531047016571,3.23041220332375,4.45266347819428
33787,pre_switch,unknown,-2.18907648186343,-2.12020847930006,-0.00632756345544889,-2.32469875452042,-2.31165968097615,-0.00632828163222424,-1.55086240473996,-2.28512168544136,-0.00632802926232881,-30,-15.1756785860133,-7.50274284312661
33980,pre_switch,unknown,-0.933453067557051,1.36792984393533,-0.155482521754026,-1.77087133749911,0.277899109102091,-0.155478958717525,0.429459735426333,1.54655276564664,-0.155481519213494,0.573772217656774,-1.18085744007229,-0.973143514266018
34040,post_switch,unknown,-3.5829769534993,-4.34423178009826,0.703361965131556,0.562681374626621,-5.6290168129422,0.703362874518677,-5.60590835401195,-0.504348872281636,0.703362162904277,-4.66440321993878,-9.62784648579274,-5.83383884385933
34106,pre_switch,unknown,28.4519218393915,27.9131701996142,-1.63431570545121,28.5349815304585,27.8734437795316,-1.6343158237436,28.4212801054125,27.9999929206141,-1.63431583715632,28.5414050562531,-16.1537153789307,-11.7752748604286
34109,pre_switch,unknown,-5.73271669304538,-1.42629867089566,-0.114855510347872,-5.94269343290458,-1.1121081558879,-0.114857668688331,-5.8063980711848,-1.79691742882057,-0.114855266177595,28.5414050562531,-16.1537153789307,-11.7752748604286
34313,post_switch,unknown,-0.151155982878445,-0.626847723559103,0.00281039521733733,0.300833388496153,-0.525611650069727,-0.00726497800638403,-0.446249044104393,-0.417786810450669,0.00337860615343642,23.3109169877896,19.9017724538606,11.708580947733
34398,pre_switch,unknown,0.517957133781068,7.39013992840131,0.204682361440123,-3.19433952237927,5.83771053671605,0.204671506745934,5.75542388267275,4.58050414286547,0.204674221601092,-22.604055777152,-15.6577736154029,-6.50877227980445
34417,pre_switch,unknown,7.51225985106616,-0.0660180279647577,0.00620782201216709,5.20228874886178,5.40984958151309,0.00621263536002372,5.27363500437156,-5.57140561353215,0.00621217470746759,-12.9965017939472,-10.7903539255674,-5.76292555315141
34522,post_switch,unknown,-0.335584851073573,0.245151451102999,-0.00133858411044384,-0.410990020047956,-0.0646586136549212,-0.0013373854105857,-0.0631919499635079,0.410898899160135,-0.00133040850842923,-12.8995214736208,-7.30702212895851,-4.03133310998579
34553,post_switch,unknown,-10.0426634563207,3.11222437154328,0.0580501752053679,-9.25862410511718,-4.93532470882706,0.0580478329360177,-5.59450183356033,8.86229124266264,0.058049292395721,-3.92416709484604,17.0346596123112,9.15791857896187
34568,pre_switch,unknown,2.95131844096471,-1.92775407892816,0.0594516351197803,3.62942840616267,1.10290261064703,0.059451811287427,0.328827234870324,-3.59125671668517,0.0594514015518257,19.7990562927922,0.43235696189038,-2.70704161965615
34632,post_switch,unknown,-0.844572198903275,-0.62493200830079,-0.0167429864336236,-0.156278293701577,-1.03536714774376,-0.0167428952762381,-1.04104838167735,0.151988011481554,-0.0167433678152289,-11.7889862706391,-3.67016155469708,-1.20790859686762
34702,pre_switch,unknown,0.778118234960752,-9.93487926412906,-0.12515667390154,0.227724606636717,-9.86801357129091,1.084035656859,-5.10113567378984,-6.88752474433076,0.322215869362203,25.6271290004183,8.66286933382742,-1.90861467668784
34726,post_switch,unknown,0.684463591603897,-3.85073219768954,-0.0478313316632695,3.20508256892341,-2.23469131729535,-0.0478320725902825,-1.44448932401479,-2.43921016794989,-0.0478332792085902,6.26771774603193,1.3226245431629,0.174089673620304
34916,post_switch,unknown,0.183828391730353,-1.12932001192301,-0.032608245291781,0.928854498055138,-0.649264528366405,-0.03261203595741,-0.0607966308340988,-0.835667496602816,-0.0326118123759637,20.9520791077892,3.31368079820961,-0.183659384044034
34971,post_switch,unknown,-12.3548545729065,2.65942453620368,-0.118848925814908,-8.31154873172051,-4.21055298452795,-0.118844178835518,-6.84012704555122,10.6084179714849,-0.118843273449641,-8.39289608831157,-3.76676411390144,-1.8360742683147
34974,post_switch,unknown,-2.01965978603604,0.0449445860193776,-0.00881676072443155,-1.17779188155045,-0.9115881488315,-0.00881471936014395,-1.39363456357957,1.4590612074691,-0.00881354929886711,-8.39289608831157,-3.76676411390144,-1.8360742683147
35039,pre_switch,unknown,9.25496320738241,2.18165269606302,-0.279132312969456,9.41832943135136,2.35602421022715,-0.305255059880474,9.02535576161181,2.7742156286176,-0.315706642528914,-19.2951791206166,16.4970612478903,9.55951604737631
35096,pre_switch,unknown,6.51926288513498,0.603568153474745,0.0718722018245076,6.77666945056401,0.365617438860256,0.0739024106281326,6.49847054771395,0.937262786318108,0.0738659472726218,17.8520044873141,12.2905626160209,6.9221862788902
35207,post_switch,unknown,10.6691573172524,-30,-0.27542056840132,10.545268938242,-30,-0.289179896639503,10.8208367647096,-30,0.631996979377006,10.7128325943441,15.2798485795647,5.83629484678352
35222,post_switch,unknown,0.328636844802473,0.568058190056579,-0.0232337411649761,-0.168507367221443,0.63185004463102,-0.0232352088493709,0.558504393372565,0.138934228607957,-0.0232343234189826,-6.93676821386663,-8.39445112610184,-3.2474389861807
35260,post_switch,unknown,-0.542716678023434,-1.43519534533706,0.0177313155744914,0.325386246230782,-1.19451265472129,0.00166804433202467,-1.39558355267522,-0.643344760953062,0.0236313390523672,-0.033357457355503,1.93917115027429,1.48855231796668
35320,post_switch,unknown,-0.232949921794462,0.179928048324175,-0.001142700550774,-0.292189989666249,-0.0388335860303331,-0.00114816688761182,-0.0363708191858584,0.292724271615075,-0.00114362608537875,-18.5476304497515,-8.44558099861575,-4.18618201587695
35326,pre_switch,unknown,0.786931750837621,1.47013710376735,-0.0310662145581705,0.99086299250552,0.408127095311284,-0.0310639503522633,1.30053013730131,1.80859474460784,-0.0310654816130082,-22.3780230708075,11.9586085762978,8.37062652613107
35404,pre_switch,unknown,-1.69698535628196,-2.01299840750264,0.023577096460579,0.514558831562128,-3.23444574845132,0.0235733472696932,-2.39648332159091,0.413092484123425,0.0235784357747088,3.27592071175257,15.7388849261262,9.98708867654676
35565,post_switch,unknown,-0.502434840977507,-0.666651945960742,-0.0140608269358079,0.127107482756045,-0.820859806499056,-0.00672061230114364,-0.452388569451459,-0.259449791066986,0.00235607392808507,-26.606674534429,-15.7639347472746,-8.25472592672515
35621,post_switch,unknown,0.993106880700896,0.403610246374119,0.00705336823059464,0.652731498184238,0.455352596898985,0.00705006581899724,0.98358993678265,-0.421130043082561,0.00705162283636845,-27.9937633136032,-13.7866000954719,-7.15014442494458
35655,post_switch,unknown,10.4812134563105,-9.13145764053329,-0.42265969542112,13.8727354276555,1.0064728153704,-0.42265997975913,1.05344414567846,-13.8305995549232,-0.422662612638618,24.9465629683852,11.5983585343326,5.78480303124683
35662,post_switch,unknown,0.394261711266493,0.00408384101294158,-0.00189541891851268,0.275009564586577,0.282861158923775,-0.00189514021216202,0.283061422432402,-0.273230332301936,-0.00189681095964919,24.9465629683852,11.5983585343326,5.78480303124683
35684,pre_switch,unknown,0.925767906529767,-5.52885226878038,-0.105299754064351,0.824047636681588,-5.65011041735631,-0.105300631929198,1.08343843690141,-5.51503634408126,-0.105300121191825,-0.796704001756621,1.02128072563156,0.877499566692404
35849,post_switch,unknown,0.887195240795124,-0.710244691086307,0.0110201100573314,1.11429898568334,0.110103408496528,0.0110186125240313,0.12373953883407,-1.12944726458206,0.011018190359499,4.18443436392635,-4.70062874699195,-2.65529414074717
35999,post_switch,unknown,-2.69746840057833,3.2429598167133,-0.0856086570912452,-3.9525764754005,0.755189316660692,-0.0856133517773068,0.393470698363205,4.19516880774917,-0.0856087497890762,-7.19281896966522,-3.11968233214988,-1.51594152042406
36009,pre_switch,unknown,5.14383038547802,-1.70643408768268,-0.0289046175770844,5.34049562163716,-2.34707449364106,-0.0429830731307738,5.50669522097701,-1.09781995475749,-0.0311210496484551,21.7206578707312,18.2596425737414,10.8665553680203
36129,post_switch,unknown,-26.3069009491813,-3.46027864799717,-0.0793730157879639,-13.2630028775524,-17.6658557633803,-0.0793745427103762,-21.0150470527646,16.1761802816202,-0.0793706199539311,-1.12939622513397,6.5556546688074,3.60871143667864
36131,post_switch,unknown,-7.59164155093498,-1.88607780520231,-0.014014378098247,-3.29943742395591,-5.61491312567764,-0.0140136711569887,-6.6926041771406,4.0418252195103,-0.0140185934109233,-1.12939622513397,6.5556546688074,3.60871143667864
36149,post_switch,unknown,5.3686158492161,-15.6443350338052,-0.00754996951320313,14.851249307392,-7.21772489952941,-0.00755537510822773,0.238388600002393,-9.11125641797521,-0.00755502290403977,-17.782288745921,-13.3453566317223,-7.8191900474535
36323,post_switch,unknown,-1.08227842620903,-1.27139205583194,-0.030802715766853,0.13893836965575,-1.66114008309244,-0.0308001036540612,-1.41854914448307,-0.218657642402024,-0.0307997964303686,19.8231017127084,11.9730047284257,5.95547953293055
36357,post_switch,unknown,10.083513440959,-22.0455159334873,1.66368422789144,22.7100545166646,-8.43662020774446,1.66368100249885,-6.74071450592374,-18.4295229692047,1.66368199803559,-2.65538983195172,-3.98530725214569,-1.58883234884758
36424,pre_switch,unknown,7.27897375998726,-23.6322968603343,1.38550819226575,7.10382892040854,-23.6210569350606,1.38487856337535,7.28358524665455,-23.7639726787038,1.38602881660208,7.17800635560564,-12.0078186044792,-7.30092981916204
36520,pre_switch,unknown,-16.6041795870639,5.51488969919908,0.593812978732144,-16.5676308308325,5.64685810696661,0.583406724760042,-16.84411980361,5.35673043713098,0.585276098509732,-15.9042278411826,-16.8840227276493,-5.99218497881213
36624,post_switch,unknown,4.21406099024823,-8.59859171357926,-0.487477609255305,9.08908702096998,-3.07360611078865,-0.487478552968657,-3.13988094487387,-9.05820134836125,-0.487477575777663,2.99859651127579,10.6861362238026,6.72214525282265
36640,pre_switch,unknown,-4.7099973184776,4.71520037333209,-0.28219275573501,-6.68109257708692,-0.355261068583822,-0.282199142501195,0.0716366155078842,6.86304918578156,-0.282197152612583,-26.7181777702112,14.3971312663874,9.89885509112033
36646,post_switch,unknown,2.02324179279296,-0.485941742545287,-0.0505335541583769,1.76997904138156,1.09517614592875,-0.0505313605001971,1.12796929914637,-1.74255736726097,-0.0505296723848065,-26.7181777702112,14.3971312663874,9.89885509112033
36747,pre_switch,unknown,23.5046353879892,13.5912859824212,1.25060488954967,23.5907857625986,13.5947255647959,1.25060614174301,23.4287675867477,13.662283636756,1.25061046556511,23.5524080881501,11.0957936834276,2.55350641062909
36916,post_switch,unknown,0.327109413655507,0.118014875046365,-0.00244835068406647,0.147125899224332,0.315934837988336,-0.00245187823413819,0.314422838763075,-0.149203570595794,-0.00244904724483314,-1.50099334415155,11.4298166594722,7.86325192401185
36917,post_switch,unknown,-30,-11.8729475357341,1.84582718571703,-30,-11.7917483162966,1.84582646048787,-30,-11.9828327307166,1.84582300994393,-30,-1.02049377950957,7.28348795118785
37091,pre_switch,unknown,10.0753610205729,2.40118935013768,0.0762596896176794,9.99610289710721,2.01621663347054,0.078765242533072,10.2313198030785,2.4345229067925,0.0635983603400734,27.5479775062685,18.4485590299639,10.4584647885385
37133,pre_switch,unknown,4.87788058598362,1.70025701764297,-0.0366338565155888,1.66999752634421,4.1829564664469,-0.0338768505578065,3.81604000619972,-2.23829327739524,-0.036633344430888,-12.5505999409948,-8.5210871381427,-4.92547366508074
37336,pre_switch,unknown,-21.9603034721659,-15.3014407293448,-0.116337291921813,-22.0011028666981,-15.1518059885806,-0.117718521129825,-22.0365981785885,-15.3491697206345,-0.116337737995393,-22.1613747207362,-10.9893672048439,-5.70870159149367
37420,pre_switch,unknown,6.10632988089836,9.9635108943824,-0.397772409235107,-2.87945852120708,11.3498306255693,-0.397770847690629,11.4799080170701,2.62939788596152,-0.397767778718707,25.9508884549828,3.39755523851465,-1.87858072749356
37577,post_switch,unknown,0.402845382875875,0.965271605950608,0.00764617944173352,-0.398454189566148,0.972932648353328,0.00764656454016084,0.964028628989614,0.39325805584681,0.00764769614071391,0.290914309779104,-7.27546496871482,-5.14147765487511
37641,pre_switch,unknown,7.31015422328554,6.83302206142436,0.199161301586755,7.36716725896279,6.68467336650461,0.199160949106298,7.37471412284657,6.97826660392075,0.199160306748109,6.5980403681052,7.51767733258541,4.73495842856559
37682,pre_switch,unknown,0.741552804304073,1.78151566105582,-0.00928582314457144,1.41965839525837,2.02054354318266,-0.00928445552380196,0.0930424204149789,2.09200163643183,-0.00928659191521481,24.6754305167654,8.69936761338027,3.46590793581953
37747,post_switch,unknown,1.60404340915481,-0.342829474012055,0.037185483726037,1.36760470317534,0.883058174892208,0.0371832267982827,0.833104903759355,-0.814063593938456,0.0371833787032278,-6.19762762705206,9.98421956735609,7.06601730447029
37852,pre_switch,unknown,2.81449247146176,1.44925285580883,-0.0693617371235511,3.10418940721747,1.62421741596462,-0.0693628970648332,2.34535277174717,1.68385914327855,-0.0693623894305728,14.0935100028656,12.0788009499362,5.85615543795497
37934,post_switch,unknown,22.0955851645562,6.48089097351655,0.670398579524957,11.9570388485787,16.1453507234798,0.670399254261088,20.1607368055388,-11.072873692384,0.670395469052924,-12.46108540103,-8.92636874323998,-5.10962426899516
37970,pre_switch,unknown,6.71859500540074,5.4138625601751,0.0839695763953149,-0.309562623681216,8.76762890773994,-0.0595245414352819,8.38509300758564,-0.912512970354095,0.0839669278190416,-0.105789639883966,-18.1320142243051,-9.31064961168531
